{
  "multi_expert": {
    "mode": "multi_expert",
    "num_structures": 1,
    "aar_improvement_mean": 0.007042253521126751,
    "aar_improvement_std": 0.0,
    "aar_improvement_min": 0.007042253521126751,
    "aar_improvement_max": 0.007042253521126751,
    "bio_improvement_mean": 0.0,
    "bio_improvement_std": 0.0,
    "sctm_improvement_mean": -0.01799000000000006,
    "sctm_improvement_std": 0.0,
    "search_time_mean": 1042.4646844863892,
    "search_time_std": 0.0,
    "success_rate": 1.0
  }
}