{
  "multi_expert": {
    "mode": "multi_expert",
    "num_structures": 1,
    "aar_improvement_mean": -0.25000000000000006,
    "aar_improvement_std": 0.0,
    "aar_improvement_min": -0.25000000000000006,
    "aar_improvement_max": -0.25000000000000006,
    "bio_improvement_mean": 0.18309859154929575,
    "bio_improvement_std": 0.0,
    "sctm_improvement_mean": 0.034559999999999924,
    "sctm_improvement_std": 0.0,
    "search_time_mean": 2933.7099089622498,
    "search_time_std": 0.0,
    "success_rate": 1.0
  }
}