{
  "shared_structures": [
    "7dz2_C",
    "7eoz_A",
    "7fac_A",
    "7fgb_A",
    "7fgp_A",
    "7fh0_B",
    "7n3y_A",
    "7n6h_A",
    "7n99_A",
    "7oj1_A",
    "7oj2_A",
    "7oju_A",
    "7pc1_A",
    "7pce_A"
  ],
  "num_shared": 14,
  "config_stats": {
    "baseline": {
      "n": 14,
      "baseline_aar_mean": 0.3898590540729655,
      "baseline_aar_std": 0.10357992125584571,
      "final_aar_mean": 0.4071371257150664,
      "final_aar_std": 0.0935400148641704,
      "delta_aar_mean": 0.01727807164210086,
      "delta_aar_std": 0.01825289553554443,
      "baseline_sctm_mean": 0.36678428571428573,
      "baseline_sctm_std": 0.15230642626505506,
      "final_sctm_mean": 0.4402778571428571,
      "final_sctm_std": 0.15709133436037284,
      "delta_sctm_mean": 0.07349357142857142,
      "delta_sctm_std": 0.10488733326814081,
      "baseline_reward_mean": 0.3657101645825892,
      "baseline_reward_std": 0.11818187442807385,
      "final_reward_mean": 0.4025069062440845,
      "final_reward_std": 0.12826101823418184,
      "delta_reward_mean": 0.036796741661495325,
      "delta_reward_std": 0.03485047847627647
    },
    "sequence_dominant": {
      "n": 14,
      "baseline_aar_mean": 0.38906487999611894,
      "baseline_aar_std": 0.09965120574652775,
      "final_aar_mean": 0.4108769869885142,
      "final_aar_std": 0.08954913728756503,
      "delta_aar_mean": 0.02181210699239527,
      "delta_aar_std": 0.018806835114732322,
      "baseline_sctm_mean": 0.3718921428571429,
      "baseline_sctm_std": 0.16216781035962943,
      "final_sctm_mean": 0.41910071428571427,
      "final_sctm_std": 0.17100938451543218,
      "delta_sctm_mean": 0.04720857142857143,
      "delta_sctm_std": 0.08026933935704421,
      "baseline_reward_mean": 0.4103791772627721,
      "baseline_reward_std": 0.07874112788534632,
      "final_reward_mean": 0.4352722983030035,
      "final_reward_std": 0.06978105555631833,
      "delta_reward_mean": 0.02489312104023137,
      "delta_reward_std": 0.01731361940286204
    },
    "sequence_focused": {
      "n": 14,
      "baseline_aar_mean": 0.3884586350069003,
      "baseline_aar_std": 0.10369758182536969,
      "final_aar_mean": 0.41051680980267996,
      "final_aar_std": 0.09334771069752389,
      "delta_aar_mean": 0.02205817479577966,
      "delta_aar_std": 0.017196047586015634,
      "baseline_sctm_mean": 0.38193928571428565,
      "baseline_sctm_std": 0.1633237982599634,
      "final_sctm_mean": 0.4303385714285714,
      "final_sctm_std": 0.17309723720074394,
      "delta_sctm_mean": 0.0483992857142857,
      "delta_sctm_std": 0.06805871346169588,
      "baseline_reward_mean": 0.3706584753909868,
      "baseline_reward_std": 0.12161115950748258,
      "final_reward_mean": 0.39849310113893327,
      "final_reward_std": 0.1260783689723436,
      "delta_reward_mean": 0.027834625747946363,
      "delta_reward_std": 0.01960732533435514
    },
    "structure_dominant": {
      "n": 14,
      "baseline_aar_mean": 0.38776533956678577,
      "baseline_aar_std": 0.1032243988398118,
      "final_aar_mean": 0.35150784785606737,
      "final_aar_std": 0.10479855970235954,
      "delta_aar_mean": -0.03625749171071851,
      "delta_aar_std": 0.06632274299928731,
      "baseline_sctm_mean": 0.3775778571428571,
      "baseline_sctm_std": 0.195918707419268,
      "final_sctm_mean": 0.50614,
      "final_sctm_std": 0.1729709288125774,
      "delta_sctm_mean": 0.12856214285714287,
      "delta_sctm_std": 0.11490834895556491,
      "baseline_reward_mean": 0.40311449139336814,
      "baseline_reward_std": 0.15458695208480588,
      "final_reward_mean": 0.500115156859614,
      "final_reward_std": 0.14197761639048795,
      "delta_reward_mean": 0.09700066546624589,
      "delta_reward_std": 0.09261719362316034
    },
    "structure_focused": {
      "n": 14,
      "baseline_aar_mean": 0.39123782050524725,
      "baseline_aar_std": 0.09949226882566967,
      "final_aar_mean": 0.3463789359898854,
      "final_aar_std": 0.0760546745033593,
      "delta_aar_mean": -0.04485888451536181,
      "delta_aar_std": 0.08277656478083788,
      "baseline_sctm_mean": 0.3878021428571428,
      "baseline_sctm_std": 0.17322662160049895,
      "final_sctm_mean": 0.5180185714285714,
      "final_sctm_std": 0.15453646101704757,
      "delta_sctm_mean": 0.13021642857142857,
      "delta_sctm_std": 0.07150006619448913,
      "baseline_reward_mean": 0.4124929821805557,
      "baseline_reward_std": 0.11721327317717203,
      "final_reward_mean": 0.4924740275575013,
      "final_reward_std": 0.1155131511593677,
      "delta_reward_mean": 0.07998104537694554,
      "delta_reward_std": 0.03661147132716431
    },
    "equal_balance": {
      "n": 14,
      "baseline_aar_mean": 0.3838268318339923,
      "baseline_aar_std": 0.09459333187981643,
      "final_aar_mean": 0.3848356945081853,
      "final_aar_std": 0.08614931083356696,
      "delta_aar_mean": 0.0010088626741929368,
      "delta_aar_std": 0.048607732709870774,
      "baseline_sctm_mean": 0.3755514285714286,
      "baseline_sctm_std": 0.17454231856311453,
      "final_sctm_mean": 0.5033792857142857,
      "final_sctm_std": 0.18190044252927737,
      "delta_sctm_mean": 0.12782785714285713,
      "delta_sctm_std": 0.07718579580453643,
      "baseline_reward_mean": 0.4044552423499331,
      "baseline_reward_std": 0.08663320650121242,
      "final_reward_mean": 0.46511521904107983,
      "final_reward_std": 0.09362200784336439,
      "delta_reward_mean": 0.06065997669114685,
      "delta_reward_std": 0.03315007817839594
    },
    "structure_slight_edge": {
      "n": 14,
      "baseline_aar_mean": 0.38680107309835143,
      "baseline_aar_std": 0.09127571350295303,
      "final_aar_mean": 0.36113916263867457,
      "final_aar_std": 0.08483520550787095,
      "delta_aar_mean": -0.02566191045967685,
      "delta_aar_std": 0.06393181008304406,
      "baseline_sctm_mean": 0.34397928571428565,
      "baseline_sctm_std": 0.14238126419001534,
      "final_sctm_mean": 0.5179821428571428,
      "final_sctm_std": 0.1640124222289524,
      "delta_sctm_mean": 0.17400285714285713,
      "delta_sctm_std": 0.0960719276991814,
      "baseline_reward_mean": 0.386174541718953,
      "baseline_reward_std": 0.08101290296093645,
      "final_reward_mean": 0.472739533935764,
      "final_reward_std": 0.09170325150521697,
      "delta_reward_mean": 0.08656499221681102,
      "delta_reward_std": 0.04415330890753329
    },
    "biophysical_aware": {
      "n": 14,
      "baseline_aar_mean": 0.37822894091881026,
      "baseline_aar_std": 0.1005238964999171,
      "final_aar_mean": 0.38582110850641005,
      "final_aar_std": 0.08412259713514895,
      "delta_aar_mean": 0.007592167587599708,
      "delta_aar_std": 0.04061896178612792,
      "baseline_sctm_mean": 0.3786485714285714,
      "baseline_sctm_std": 0.13691931997959045,
      "final_sctm_mean": 0.5024085714285714,
      "final_sctm_std": 0.15557817914646838,
      "delta_sctm_mean": 0.12376,
      "delta_sctm_std": 0.09933964544502288,
      "baseline_reward_mean": 0.45106014055348403,
      "baseline_reward_std": 0.06666867659222578,
      "final_reward_mean": 0.4997236081669135,
      "final_reward_std": 0.06944299141856212,
      "delta_reward_mean": 0.048663467613429455,
      "delta_reward_std": 0.028765989070929275
    },
    "biophysical_strict": {
      "n": 14,
      "baseline_aar_mean": 0.3855791652431005,
      "baseline_aar_std": 0.09397030030179798,
      "final_aar_mean": 0.40969012257969206,
      "final_aar_std": 0.07993598557816627,
      "delta_aar_mean": 0.024110957336591497,
      "delta_aar_std": 0.031484828204174,
      "baseline_sctm_mean": 0.38985214285714276,
      "baseline_sctm_std": 0.168139487126381,
      "final_sctm_mean": 0.4650835714285715,
      "final_sctm_std": 0.16754516626045915,
      "delta_sctm_mean": 0.07523142857142859,
      "delta_sctm_std": 0.08716088358048359,
      "baseline_reward_mean": 0.5060182904676507,