{
  "metadata": {
    "timestamp": "2026-01-09T12:37:00.619105",
    "sequence_length": 50,
    "max_depth": 5,
    "num_iterations": 5,
    "num_rollouts": 2,
    "use_mock": false,
    "init_mode": "random",
    "output_dir": "/home/caom/AID3/dplm/mcts_diffusion_finetune/mcts_hallucination/hallucination_outputs",
    "total_nodes": 11,
    "best_node_id": 1,
    "best_parent_child_similarity": 0.12,
    "best_sibling_convergence": 0.02,
    "best_plddt": 44.26121139526367
  },
  "nodes": [
    {
      "node_id": 0,
      "parent_id": null,
      "depth": 0,
      "sequence": "TPQGQACCQCYESWVCPWFDWRVDRSGAWTNAMCYDMDAMPVEYYCQELR",
      "mean_plddt": null,
      "parent_child_similarity": 0.0,
      "sibling_convergence": 0.0,
      "convergence_score": 0.0,
      "visits": 11,
      "total_reward": 1.9882117080688477,
      "avg_reward": 0.1807465189153498,
      "coordinate_shape": null,
      "plddt_scores": null
    },
    {
      "node_id": 1,
      "parent_id": 0,
      "depth": 1,
      "sequence": "ETCGQALHAAGDEWGGSSGNLTRGGAGGVKKMGTGDAKSHGAWRLHFAKS",
      "mean_plddt": 44.26121139526367,
      "parent_child_similarity": 0.12,
      "sibling_convergence": 0.02,
      "convergence_score": 0.12,
      "visits": 6,
      "total_reward": 1.1075387268066406,
      "avg_reward": 0.18458978780110677,
      "coordinate_shape": [
        50,
        3
      ],
      "plddt_scores": [
        44.62321472167969,
        49.546417236328125,
        46.10466766357422,
        50.64608383178711,
        43.39509201049805,
        48.54631805419922,
        49.67555236816406,
        45.224464416503906,
        45.58287811279297,
        49.50428009033203,
        48.01496505737305,
        43.906028747558594,
        42.224178314208984,
        33.382720947265625,
        45.95387649536133,
        43.676124572753906,
        43.654449462890625,
        42.61769485473633,
        43.25968551635742,
        39.653377532958984,
        44.72518539428711,
        42.6319580078125,
        45.23958969116211,
        43.621238708496094,
        44.2059326171875,
        40.808616638183594,
        42.74729537963867,
        44.086219787597656,
        45.454803466796875,
        44.449012756347656,
        45.716758728027344,
        44.80331039428711,
        45.683040618896484,
        43.183631896972656,
        44.135292053222656,
        43.73192596435547,
        45.836181640625,
        45.80923843383789,
        42.71372604370117,
        43.4627799987793,
        43.378421783447266,
        43.50117492675781,
        33.77676773071289,
        46.30766296386719,
        46.192726135253906,
        44.86189270019531,
        48.18461227416992,
        45.457366943359375,
        42.20718765258789,
        36.95492172241211
      ]
    },
    {
      "node_id": 2,
      "parent_id": 1,
      "depth": 2,
      "sequence": "PTYLAIQEAKDPELETTVLGHRVRTLPMVRNHPAETFLIEANKDKRIVQV",
      "mean_plddt": 49.024391174316406,
      "parent_child_similarity": 0.08,
      "sibling_convergence": 0.06,
      "convergence_score": 0.08,
      "visits": 4,
      "total_reward": 0.7521785278320313,
      "avg_reward": 0.18804463195800783,
      "coordinate_shape": [
        50,
        3
      ],
      "plddt_scores": [
        46.699134826660156,
        51.09608840942383,
        54.6309700012207,
        51.99392318725586,
        52.300846099853516,
        52.10778045654297,
        48.18239974975586,
        48.74370574951172,
        45.15520477294922,
        44.773921966552734,
        47.099185943603516,
        47.225704193115234,
        46.87727355957031,
        45.720664978027344,
        49.13774871826172,
        50.05685043334961,
        49.73847198486328,
        55.63288497924805,
        52.12289810180664,
        52.93621826171875,
        53.39369201660156,
        53.52483367919922,
        53.34911346435547,
        51.158714294433594,
        50.60780715942383,
        51.09381103515625,
        49.44731521606445,
        50.457786560058594,
        47.73817825317383,
        50.27147674560547,
        47.593658447265625,
        47.875892639160156,
        48.63174057006836,
        47.312828063964844,
        45.23382568359375,
        45.39495849609375,
        47.78665542602539,
        44.654541015625,
        47.71424102783203,
        46.46931457519531,
        44.576717376708984,
        47.04273223876953,
        47.5866584777832,
        48.0888786315918,
        45.547908782958984,
        45.46018981933594,
        48.41289520263672,
        50.4136848449707,
        50.43497085571289,
        51.71257781982422
      ]
    },
    {
      "node_id": 3,
      "parent_id": 2,
      "depth": 3,
      "sequence": "EVLQSDCKRLSFANWQEQLLQGNNRVDDLLETDSFGLFVSAPVKYFTDLK",
      "mean_plddt": 42.909507751464844,
      "parent_child_similarity": 0.04,
      "sibling_convergence": 0.04,
      "convergence_score": 0.04,
      "visits": 2,
      "total_reward": 0.31345704650878903,
      "avg_reward": 0.15672852325439451,
      "coordinate_shape": [
        50,
        3
      ],
      "plddt_scores": [
        33.9834098815918,
        37.67440414428711,
        35.430519104003906,
        37.88741683959961,
        35.7745475769043,
        38.262603759765625,
        37.38288116455078,
        42.80058288574219,
        43.931312561035156,
        47.01559066772461,
        48.91387939453125,
        49.26179504394531,
        50.576454162597656,
        51.31867980957031,
        46.99488830566406,
        53.93558120727539,
        54.88580322265625,
        52.989219665527344,
        53.16802978515625,
        55.329490661621094,
        52.274757385253906,
        50.00600051879883,
        46.82344055175781,
        44.975341796875,
        45.58074951171875,
        43.03248596191406,
        40.42681884765625,
        38.5142936706543,
        40.38499450683594,
        41.34513854980469,
        40.39279556274414,
        41.094024658203125,
        41.846797943115234,
        35.98329544067383,
        38.230342864990234,
        41.30007553100586,
        36.84445571899414,
        40.067569732666016,
        40.44481658935547,
        39.734092712402344,
        41.53867721557617,
        41.73287582397461,
        41.398067474365234,
        38.343570709228516,
        41.66238021850586,
        41.743629455566406,
        40.953643798828125,
        39.474342346191406,
        35.56803894042969,
        36.24072265625
      ]
    },
    {
      "node_id": 4,
      "parent_id": 2,
      "depth": 3,
      "sequence": "KTAGSWSAXQMKDIYLVISILKKPAISKIASMLTSAVHYKVPDDLISEIV",
      "mean_plddt": 55.101219177246094,
      "parent_child_similarity": 0.06,
      "sibling_convergence": 0.04,
      "convergence_score": 0.06,
      "visits": 2,
      "total_reward": 0.4026073150634766,
      "avg_reward": 0.2013036575317383,
      "coordinate_shape": [
        50,
        3
      ],