{
  "DPLM-2_650M": {
    "method": "DPLM-2_650M",
    "num_structures": 183,
    "aar_mean": 0.4835363240687982,
    "aar_std": 0.1304501886300795,
    "aar_min": 0.06666666666666667,
    "aar_max": 0.8244111349036403,
    "biophysical_mean": 0.8863570748201326,
    "biophysical_std": 0.12254892217577415,
    "sequence_length_mean": 247.4863387978142,
    "sequence_length_std": 147.49007034923716
  },
  "DPLM-2_150M": {
    "method": "DPLM-2_150M",
    "num_structures": 183,
    "aar_mean": 0.4424545181206937,
    "aar_std": 0.11863069113222495,
    "aar_min": 0.06666666666666667,
    "aar_max": 0.8029978586723768,
    "biophysical_mean": 0.8583189503497125,
    "biophysical_std": 0.15597072047301028,
    "sequence_length_mean": 247.4863387978142,
    "sequence_length_std": 147.49007034923716
  },
  "ProteinMPNN": {
    "method": "ProteinMPNN",
    "num_structures": 183,
    "aar_mean": 0.23456489316708304,
    "aar_std": 0.06352651582434658,
    "aar_min": 0.03225806451612903,
    "aar_max": 0.4074074074074074,
    "biophysical_mean": 0.9574589589446476,
    "biophysical_std": 0.06590887644022823,
    "sequence_length_mean": 247.4863387978142,
    "sequence_length_std": 147.49007034923716
  }
}