{
  "DPLM-2_650M": {
    "method": "DPLM-2_650M",
    "num_structures": 183,
    "aar_mean": 0.4835363240687982,
    "aar_std": 0.1304501886300795,
    "aar_min": 0.06666666666666667,
    "aar_max": 0.8244111349036403,
    "biophysical_mean": 0.8863570748201326,
    "biophysical_std": 0.12254892217577415,
    "sequence_length_mean": 247.4863387978142,
    "sequence_length_std": 147.49007034923716,
    "sctm_mean": 0.4835363240687982,
    "sctm_std": 0.1304501886300795,
    "sctm_min": 0.06666666666666667,
    "sctm_max": 0.8244111349036403,
    "composite_reward_mean": 0.5439594366814984,
    "composite_reward_std": 0.11951238607629783,
    "composite_reward_min": 0.14551020408163268,
    "composite_reward_max": 0.8422698072805139
  },
  "DPLM-2_150M": {
    "method": "DPLM-2_150M",
    "num_structures": 183,
    "aar_mean": 0.4424545181206937,
    "aar_std": 0.11863069113222495,
    "aar_min": 0.06666666666666667,
    "aar_max": 0.8029978586723768,
    "biophysical_mean": 0.8583189503497125,
    "biophysical_std": 0.15597072047301028,
    "sequence_length_mean": 247.4863387978142,
    "sequence_length_std": 147.49007034923716,
    "sctm_mean": 0.4424545181206937,
    "sctm_std": 0.11863069113222495,
    "sctm_min": 0.06666666666666667,
    "sctm_max": 0.8029978586723768,
    "composite_reward_mean": 0.5048341829550466,
    "composite_reward_std": 0.11304614324709135,
    "composite_reward_min": 0.1141666666666667,
    "composite_reward_max": 0.8272805139186294
  },
  "ProteinMPNN": {
    "method": "ProteinMPNN",
    "num_structures": 3,
    "aar_mean": 0.2549304165393833,
    "aar_std": 0.05228404310271557,
    "aar_min": 0.19246031746031747,
    "aar_max": 0.3204225352112676,
    "biophysical_mean": 0.9888888888888889,
    "biophysical_std": 0.01571348402636772,
    "sequence_length_mean": 437.3333333333333,
    "sequence_length_std": 108.73004286866728,
    "sctm_mean": 0.2549304165393833,
    "sctm_std": 0.05228404310271557,
    "sctm_min": 0.19246031746031747,
    "sctm_max": 0.3204225352112676,
    "composite_reward_mean": 0.3650241873918092,
    "composite_reward_std": 0.0464499242195377,
    "composite_reward_min": 0.30859126984126983,
    "composite_reward_max": 0.42235915492957754
  }
}