{
  "DPLM-2_650M": {
    "method": "DPLM-2_650M",
    "num_structures": 183,
    "aar_mean": 0.4835363240687982,
    "aar_std": 0.1304501886300795,
    "aar_min": 0.06666666666666667,
    "aar_max": 0.8244111349036403,
    "biophysical_mean": 0.8863570748201326,
    "biophysical_std": 0.12254892217577415,
    "sequence_length_mean": 247.4863387978142,
    "sequence_length_std": 147.49007034923716,
    "sctm_mean": 0.4835363240687982,
    "sctm_std": 0.1304501886300795,
    "sctm_min": 0.06666666666666667,
    "sctm_max": 0.8244111349036403,
    "composite_reward_mean": 0.5439594366814984,
    "composite_reward_std": 0.11951238607629783,
    "composite_reward_min": 0.14551020408163268,
    "composite_reward_max": 0.8422698072805139
  },
  "DPLM-2_150M": {
    "method": "DPLM-2_150M",
    "num_structures": 183,
    "aar_mean": 0.4424545181206937,
    "aar_std": 0.11863069113222495,
    "aar_min": 0.06666666666666667,
    "aar_max": 0.8029978586723768,
    "biophysical_mean": 0.8583189503497125,
    "biophysical_std": 0.15597072047301028,
    "sequence_length_mean": 247.4863387978142,
    "sequence_length_std": 147.49007034923716,
    "sctm_mean": 0.4424545181206937,
    "sctm_std": 0.11863069113222495,
    "sctm_min": 0.06666666666666667,
    "sctm_max": 0.8029978586723768,
    "composite_reward_mean": 0.5048341829550466,
    "composite_reward_std": 0.11304614324709135,
    "composite_reward_min": 0.1141666666666667,
    "composite_reward_max": 0.8272805139186294
  },
  "ProteinMPNN": {
    "method": "ProteinMPNN",
    "num_structures": 2,
    "aar_mean": 0.2559244355019003,
    "aar_std": 0.025765705343170145,
    "aar_min": 0.23015873015873015,
    "aar_max": 0.28169014084507044,
    "biophysical_mean": 0.9915492957746479,
    "biophysical_std": 0.008450704225352101,
    "sequence_length_mean": 394.0,
    "sequence_length_std": 110.0,
    "sctm_mean": 0.0,
    "sctm_std": 0.0,
    "sctm_min": 0.0,
    "sctm_max": 0.0,
    "composite_reward_mean": 0.25110216856695733,
    "composite_reward_std": 0.009038676503465251,
    "composite_reward_min": 0.24206349206349206,
    "composite_reward_max": 0.26014084507042257
  }
}