{
  "DPLM-2_650M": {
    "method": "DPLM-2_650M",
    "num_structures": 183,
    "aar_mean": 0.4835363240687982,
    "aar_std": 0.1304501886300795,
    "aar_min": 0.06666666666666667,
    "aar_max": 0.8244111349036403,
    "biophysical_mean": 0.8863570748201326,
    "biophysical_std": 0.12254892217577415,
    "sequence_length_mean": 247.4863387978142,
    "sequence_length_std": 147.49007034923716,
    "sctm_mean": 0.3437374316939891,
    "sctm_std": 0.14907161767098104,
    "sctm_min": 0.04299,
    "sctm_max": 0.84512,
    "composite_reward_mean": 0.4810499351128343,
    "composite_reward_std": 0.09329641344788722,
    "composite_reward_min": 0.17424266666666666,
    "composite_reward_max": 0.7505277380952381
  },
  "DPLM-2_150M": {
    "method": "DPLM-2_150M",
    "num_structures": 183,
    "aar_mean": 0.4424545181206937,
    "aar_std": 0.11863069113222495,
    "aar_min": 0.06666666666666667,
    "aar_max": 0.8029978586723768,
    "biophysical_mean": 0.8583189503497125,
    "biophysical_std": 0.15597072047301028,
    "sequence_length_mean": 247.4863387978142,
    "sequence_length_std": 147.49007034923716,
    "sctm_mean": 0.33946240437158465,
    "sctm_std": 0.15080772894671543,
    "sctm_min": 0.02138,
    "sctm_max": 0.72308,
    "composite_reward_mean": 0.45848773176794744,
    "composite_reward_std": 0.09455573356773256,
    "composite_reward_min": 0.11628766666666668,
    "composite_reward_max": 0.6830555
  }
}