{
  "DPLM-2_650M": {
    "method": "DPLM-2_650M",
    "num_structures": 183,
    "aar_mean": 0.4835363240687982,
    "aar_std": 0.1304501886300795,
    "aar_min": 0.06666666666666667,
    "aar_max": 0.8244111349036403,
    "biophysical_mean": 0.8533265926247787,
    "biophysical_std": 0.13757687954021844,
    "sequence_length_mean": 247.4863387978142,
    "sequence_length_std": 147.49007034923716
  },
  "ProteinMPNN": {
    "method": "ProteinMPNN",
    "num_structures": 2,
    "aar_mean": 0.2509641180415828,
    "aar_std": 0.0307260228034876,
    "aar_min": 0.22023809523809523,
    "aar_max": 0.28169014084507044,
    "biophysical_mean": 0.9492957746478874,
    "biophysical_std": 0.050704225352112664,
    "sequence_length_mean": 394.0,
    "sequence_length_std": 110.0
  }
}