target,length,iteration,apo_holo_rmsd,complex_plddt,iptm,helix_loss
8EO4,73,1,5.156606396974218,0.6491847634315491,0.7487248778343201,-0.21092583584671995
