{
  "total_experiments": 1,
  "successful": 1,
  "success_rate": 1.0,
  "avg_rmsd_improvement": -13.357403475542956,
  "avg_tm_score_improvement": -0.0099477428044367,
  "mode": "multi_expert",
  "timestamp": "20251019_112328"
}