{
  "total_experiments": 1,
  "successful": 1,
  "success_rate": 1.0,
  "avg_rmsd_improvement": -12.279263286973613,
  "avg_tm_score_improvement": -0.016567686315754646,
  "mode": "multi_expert",
  "timestamp": "20251019_113037"
}