{
  "total_experiments": 1,
  "successful": 1,
  "success_rate": 1.0,
  "avg_rmsd_improvement": -4.093054791407777,
  "avg_tm_score_improvement": 0.0218377561811485,
  "mode": "multi_expert",
  "timestamp": "20251019_113803"
}