{
  "total_experiments": 1,
  "successful": 1,
  "success_rate": 1.0,
  "avg_rmsd_improvement": -12.976713400348192,
  "avg_tm_score_improvement": -0.0181258043049458,
  "mode": "multi_expert",
  "timestamp": "20251019_114521"
}