{
  "total_experiments": 1,
  "successful": 1,
  "success_rate": 1.0,
  "avg_rmsd_improvement": -10.006182606825305,
  "avg_tm_score_improvement": -0.00835442201350765,
  "mode": "multi_expert",
  "timestamp": "20251019_114030"
}