{
  "total_experiments": 1,
  "successful": 1,
  "success_rate": 1.0,
  "avg_rmsd_improvement": -11.394761919209945,
  "avg_tm_score_improvement": -0.006299493006557376,
  "mode": "multi_expert",
  "timestamp": "20251019_120154"
}