{
  "total_experiments": 1,
  "successful": 1,
  "success_rate": 1.0,
  "avg_rmsd_improvement": -13.384053222937272,
  "avg_tm_score_improvement": 0.01357802585997795,
  "mode": "multi_expert",
  "timestamp": "20251019_130414"
}