{
  "total_experiments": 1,
  "successful": 1,
  "success_rate": 1.0,
  "avg_rmsd_improvement": -7.847703778273182,
  "avg_tm_score_improvement": -0.0074111972698129025,
  "mode": "multi_expert",
  "timestamp": "20251019_103235"
}