{
  "total_experiments": 1,
  "successful": 1,
  "success_rate": 1.0,
  "avg_rmsd_improvement": -11.491434092300093,
  "avg_tm_score_improvement": -0.014188911240816747,
  "mode": "multi_expert",
  "timestamp": "20251019_115532"
}