{
  "total_experiments": 1,
  "successful": 1,
  "success_rate": 1.0,
  "avg_rmsd_improvement": -9.793554107195277,
  "avg_tm_score_improvement": -0.015338385598160517,
  "mode": "multi_expert",
  "timestamp": "20251019_104513"
}