{
  "total_structures": 1,
  "successful": 1,
  "success_rate": 1.0,
  "avg_rmsd_improvement": -9.719771536881872,
  "avg_tm_score_improvement": -0.013288446328948548,
  "timestamp": "20251019_111647"
}