{
  "total_structures": 1,
  "successful": 1,
  "success_rate": 1.0,
  "avg_rmsd_improvement": -8.768865958740477,
  "avg_tm_score_improvement": -0.002188504900267209,
  "timestamp": "20251019_101608"
}