{
  "total_structures": 1,
  "successful": 1,
  "success_rate": 1.0,
  "avg_rmsd_improvement": -6.0825867121743435,
  "avg_tm_score_improvement": -0.003748752645621925,
  "timestamp": "20251019_103857"
}