{
  "total_structures": 1,
  "successful": 1,
  "success_rate": 1.0,
  "avg_rmsd_improvement": -11.471545105618322,
  "avg_tm_score_improvement": 0.01277814086160356,
  "timestamp": "20251019_123725"
}