{
  "total_structures": 1,
  "successful": 1,
  "success_rate": 1.0,
  "avg_rmsd_improvement": -5.019916568584399,
  "avg_tm_score_improvement": 0.002244148719580036,
  "timestamp": "20251019_123421"
}