{
  "total_structures": 1,
  "successful": 1,
  "success_rate": 1.0,
  "avg_rmsd_improvement": -9.018084024573536,
  "avg_tm_score_improvement": -0.008129048960636199,
  "timestamp": "20251019_105348"
}