{
  "total_structures": 1,
  "successful": 1,
  "success_rate": 1.0,
  "avg_rmsd_improvement": -13.374243860073069,
  "avg_tm_score_improvement": -0.02153513165850939,
  "timestamp": "20251019_112219"
}