{
  "total_structures": 1,
  "successful": 1,
  "success_rate": 1.0,
  "avg_rmsd_improvement": -18.38418902970383,
  "avg_tm_score_improvement": -0.022895589758229733,
  "timestamp": "20251019_102718"
}