{
  "total_structures": 1,
  "successful": 1,
  "success_rate": 1.0,
  "avg_rmsd_improvement": -8.954177871447278,
  "avg_tm_score_improvement": -0.004337727411589602,
  "timestamp": "20251019_104402"
}