{
  "total_experiments": 10,
  "successful_experiments": 10,
  "failed_experiments": 0,
  "modes": {
    "multi_expert": {
      "count": 10,
      "aar_improvement": {
        "mean": 0.54004606961765,
        "std": 0.06704815423625787,
        "min": 0.4321608040201005,
        "max": 0.6754385964912281
      },
      "sctm_improvement": {
        "mean": 0.13462300000000002,
        "std": 0.16473926508577122,
        "min": -0.16401,
        "max": 0.53473
      },
      "reward_improvement": {
        "mean": 0.2750944460162,
        "std": 0.07987443277760452,
        "min": 0.14697739300411528,
        "max": 0.451983921686747
      }
    }
  },
  "baseline_metrics": {
    "aar": {
      "mean": 0.37083459155622783,
      "std": 0.07888494961437756,
      "min": 0.24561403508771928,
      "max": 0.5477386934673367
    },
    "sctm": {
      "mean": 0.46556,
      "std": 0.22250853821819963,
      "min": 0.18745,
      "max": 0.81662
    },
    "reward": {
      "mean": 0.5042446509484904,
      "std": 0.12106258773067562,
      "min": 0.377954,
      "max": 0.7365744773869347
    }
  },
  "final_metrics": {
    "aar": {
      "mean": 0.910880661173878,
      "std": 0.025825377064274267,
      "min": 0.8833333333333333,
      "max": 0.9798994974874372
    },
    "sctm": {
      "mean": 0.600183,
      "std": 0.1878783920013156,
      "min": 0.29831,
      "max": 0.90118
    },
    "reward": {
      "mean": 0.7793390969646904,
      "std": 0.09373843556350085,
      "min": 0.627879346743295,
      "max": 0.9474907989949749
    }
  }
}