{
  "total_experiments": 10,
  "successful_experiments": 10,
  "failed_experiments": 0,
  "modes": {
    "multi_expert": {
      "count": 10,
      "aar_improvement": {
        "mean": 0.5034602166524589,
        "std": 0.05946144022847911,
        "min": 0.3931034482758621,
        "max": 0.6296296296296295
      },
      "sctm_improvement": {
        "mean": 0.278098,
        "std": 0.2182198669140828,
        "min": 0.03677000000000008,
        "max": 0.73836
      },
      "reward_improvement": {
        "mean": 0.3276442166439636,
        "std": 0.09735707689558089,
        "min": 0.22948897787610623,
        "max": 0.5222967222222222
      }
    }
  },
  "baseline_metrics": {
    "aar": {
      "mean": 0.44152478168430653,
      "std": 0.07762387898108986,
      "min": 0.2804232804232804,
      "max": 0.5482758620689655
    },
    "sctm": {
      "mean": 0.51927,
      "std": 0.2218975389678759,
      "min": 0.21506,
      "max": 0.89057
    },
    "reward": {
      "mean": 0.5507227438218523,
      "std": 0.1038339178415606,
      "min": 0.41339264625850336,
      "max": 0.7218405707964601
    }
  },
  "final_metrics": {
    "aar": {
      "mean": 0.9449849983367654,
      "std": 0.03532069912212869,
      "min": 0.8795180722891566,
      "max": 1.0
    },
    "sctm": {
      "mean": 0.797368,
      "std": 0.13582911063538627,
      "min": 0.54575,
      "max": 1.0
    },
    "reward": {
      "mean": 0.8783669604658157,
      "std": 0.0721594095187352,
      "min": 0.7511145655270656,
      "max": 1.0
    }
  }
}