{
  "total_experiments": 10,
  "successful_experiments": 10,
  "failed_experiments": 0,
  "modes": {
    "multi_expert": {
      "count": 10,
      "aar_improvement": {
        "mean": 0.5523730024724585,
        "std": 0.06057888309786732,
        "min": 0.454225352112676,
        "max": 0.6408450704225352
      },
      "sctm_improvement": {
        "mean": 0.225299,
        "std": 0.19886376731068936,
        "min": -0.06949,
        "max": 0.5608500000000001
      },
      "reward_improvement": {
        "mean": 0.31995792100195014,
        "std": 0.10244109539652559,
        "min": 0.14962738732394365,
        "max": 0.5064954032258064
      }
    }
  },
  "baseline_metrics": {
    "aar": {
      "mean": 0.40554892370251067,
      "std": 0.05799500555955226,
      "min": 0.3225806451612903,
      "max": 0.4823943661971831
    },
    "sctm": {
      "mean": 0.5233420000000001,
      "std": 0.14902052213034284,
      "min": 0.24393,
      "max": 0.79174
    },
    "reward": {
      "mean": 0.5404467785452011,
      "std": 0.06605900682706344,
      "min": 0.4404166481481482,
      "max": 0.6671163333333333
    }
  },
  "final_metrics": {
    "aar": {
      "mean": 0.9579219261749689,
      "std": 0.019180190240361186,
      "min": 0.9285714285714286,
      "max": 0.9848484848484849
    },
    "sctm": {
      "mean": 0.7486410000000001,
      "std": 0.17024423699203448,
      "min": 0.34139,
      "max": 0.9805
    },
    "reward": {
      "mean": 0.8604046995471512,
      "std": 0.07995922025426921,
      "min": 0.6660726830985916,
      "max": 0.9574573943661973
    }
  }
}