{
  "total_experiments": 10,
  "successful_experiments": 10,
  "failed_experiments": 0,
  "modes": {
    "multi_expert": {
      "count": 10,
      "aar_improvement": {
        "mean": 0.5315845386229887,
        "std": 0.05868942898967993,
        "min": 0.3894736842105263,
        "max": 0.6007751937984497
      },
      "sctm_improvement": {
        "mean": 0.21592799999999998,
        "std": 0.22870459649075706,
        "min": -0.20248,
        "max": 0.6731499999999999
      },
      "reward_improvement": {
        "mean": 0.30803546475196564,
        "std": 0.1251340138703111,
        "min": 0.0524366315789474,
        "max": 0.5442688513513513
      }
    }
  },
  "baseline_metrics": {
    "aar": {
      "mean": 0.42635673512114025,
      "std": 0.06160653439760733,
      "min": 0.3621621621621622,
      "max": 0.5631578947368421
    },
    "sctm": {
      "mean": 0.5432189999999999,
      "std": 0.1867773997275902,
      "min": 0.24188,
      "max": 0.84578
    },
    "reward": {
      "mean": 0.5558121385552033,
      "std": 0.10377196001858263,
      "min": 0.37744010810810813,
      "max": 0.6999819736842106
    }
  },
  "final_metrics": {
    "aar": {
      "mean": 0.9579412737441289,
      "std": 0.022374610931004665,
      "min": 0.9215686274509803,
      "max": 1.0
    },
    "sctm": {
      "mean": 0.759147,
      "std": 0.2185475561542613,
      "min": 0.24206,
      "max": 1.0
    },
    "reward": {
      "mean": 0.863847603307169,
      "std": 0.10394684334822094,
      "min": 0.6208188918918919,
      "max": 0.9921739130434784
    }
  }
}