{
  "total_experiments": 10,
  "successful_experiments": 10,
  "failed_experiments": 0,
  "modes": {
    "multi_expert": {
      "count": 10,
      "aar_improvement": {
        "mean": 0.4714390819865564,
        "std": 0.07380736377190297,
        "min": 0.3292682926829268,
        "max": 0.5818181818181818
      },
      "sctm_improvement": {
        "mean": 0.218786,
        "std": 0.2101529414117252,
        "min": -0.04252,
        "max": 0.67113
      },
      "reward_improvement": {
        "mean": 0.2858954642553856,
        "std": 0.11269224528190243,
        "min": 0.15580290851735024,
        "max": 0.4922258913043479
      }
    }
  },
  "baseline_metrics": {
    "aar": {
      "mean": 0.46005171021931834,
      "std": 0.09397799514867167,
      "min": 0.32727272727272727,
      "max": 0.6646341463414634
    },
    "sctm": {
      "mean": 0.45189399999999996,
      "std": 0.1485481128254412,
      "min": 0.22626,
      "max": 0.72558
    },
    "reward": {
      "mean": 0.5285240533406377,
      "std": 0.08418413230584654,
      "min": 0.4258714871794872,
      "max": 0.6989460975609756
    }
  },
  "final_metrics": {
    "aar": {
      "mean": 0.9314907922058749,
      "std": 0.04300172276641121,
      "min": 0.8345323741007195,
      "max": 0.9939024390243902
    },
    "sctm": {
      "mean": 0.67068,
      "std": 0.1928911268565768,
      "min": 0.30106,
      "max": 0.9462
    },
    "reward": {
      "mean": 0.8144195175960233,
      "std": 0.09885705305031403,
      "min": 0.6442129568345324,
      "max": 0.9527465217391305
    }
  }
}