{
  "total_experiments": 10,
  "successful_experiments": 10,
  "failed_experiments": 0,
  "modes": {
    "multi_expert": {
      "count": 10,
      "aar_improvement": {
        "mean": 0.4877088813027073,
        "std": 0.16843540670260146,
        "min": 0.02392344497607657,
        "max": 0.680672268907563
      },
      "sctm_improvement": {
        "mean": 0.39929999999999993,
        "std": 0.153650795507215,
        "min": 0.06189,
        "max": 0.58874
      },
      "reward_improvement": {
        "mean": 0.37508056745608187,
        "std": 0.08970882098564584,
        "min": 0.21132237799043052,
        "max": 0.4983986084656086
      }
    }
  },
  "baseline_metrics": {
    "aar": {
      "mean": 0.4458342982823037,
      "std": 0.1969522746969446,
      "min": 0.2605042016806723,
      "max": 0.9760765550239234
    },
    "sctm": {
      "mean": 0.34649,
      "std": 0.10804825468280364,
      "min": 0.16006,
      "max": 0.55166
    },
    "reward": {
      "mean": 0.47689668366021365,
      "std": 0.12155037590617002,
      "min": 0.33147144444444443,
      "max": 0.7886776220095695
    }
  },
  "final_metrics": {
    "aar": {
      "mean": 0.9335431795850109,
      "std": 0.05225309050224025,
      "min": 0.8297872340425532,
      "max": 1.0
    },
    "sctm": {
      "mean": 0.74579,
      "std": 0.15324192853132593,
      "min": 0.37571,
      "max": 1.0
    },
    "reward": {
      "mean": 0.8519772511162955,
      "std": 0.08769100949215569,
      "min": 0.6509843936170213,
      "max": 1.0
    }
  }
}