{
  "total_experiments": 10,
  "successful_experiments": 10,
  "failed_experiments": 0,
  "modes": {
    "multi_expert": {
      "count": 10,
      "aar_improvement": {
        "mean": 0.5016143070843544,
        "std": 0.0950897016387143,
        "min": 0.30841121495327106,
        "max": 0.6752136752136753
      },
      "sctm_improvement": {
        "mean": 0.12229599999999996,
        "std": 0.13033660086100143,
        "min": -0.18034,
        "max": 0.35364
      },
      "reward_improvement": {
        "mean": 0.25425090602410394,
        "std": 0.08278603366109838,
        "min": 0.0782545829383886,
        "max": 0.42114654700854703
      }
    }
  },
  "baseline_metrics": {
    "aar": {
      "mean": 0.43365957038618463,
      "std": 0.09904026619979843,
      "min": 0.3162393162393162,
      "max": 0.6822429906542056
    },
    "sctm": {
      "mean": 0.584225,
      "std": 0.1576662005155195,
      "min": 0.28495,
      "max": 0.79044
    },
    "reward": {
      "mean": 0.5781128403586006,
      "std": 0.09027137179961943,
      "min": 0.40937504098360655,
      "max": 0.7380866168224299
    }
  },
  "final_metrics": {
    "aar": {
      "mean": 0.9352738774705391,
      "std": 0.037622960732575185,
      "min": 0.8804347826086957,
      "max": 0.9914529914529915
    },
    "sctm": {
      "mean": 0.7065210000000001,
      "std": 0.19818251247019755,
      "min": 0.27684,
      "max": 0.91118
    },
    "reward": {
      "mean": 0.8323637463827044,
      "std": 0.09731335449161743,
      "min": 0.6252415071090047,
      "max": 0.9524881214953271
    }
  }
}