{
  "total_experiments": 10,
  "successful_experiments": 10,
  "failed_experiments": 0,
  "modes": {
    "multi_expert": {
      "count": 10,
      "aar_improvement": {
        "mean": 0.508234639723186,
        "std": 0.07207316048603322,
        "min": 0.3228346456692913,
        "max": 0.5773195876288659
      },
      "sctm_improvement": {
        "mean": 0.165055,
        "std": 0.19401532229440024,
        "min": -0.12976,
        "max": 0.48826
      },
      "reward_improvement": {
        "mean": 0.2715833127418143,
        "std": 0.09558346416494985,
        "min": 0.14377687417218532,
        "max": 0.4270042340425532
      }
    }
  },
  "baseline_metrics": {
    "aar": {
      "mean": 0.42062005101962363,
      "std": 0.08042511628856788,
      "min": 0.29896907216494845,
      "max": 0.6141732283464567
    },
    "sctm": {
      "mean": 0.520319,
      "std": 0.14833877634994835,
      "min": 0.27256,
      "max": 0.76297
    },
    "reward": {
      "mean": 0.5434451682210882,
      "std": 0.08501790839443515,
      "min": 0.43253514893617023,
      "max": 0.6952567913385828
    }
  },
  "final_metrics": {
    "aar": {
      "mean": 0.9288546907428096,
      "std": 0.03262532016162146,
      "min": 0.8762886597938144,
      "max": 0.9791666666666666
    },
    "sctm": {
      "mean": 0.6853740000000001,
      "std": 0.21827415647300075,
      "min": 0.22449,
      "max": 0.95759
    },
    "reward": {
      "mean": 0.8150284809629025,
      "std": 0.09979431583424549,
      "min": 0.6172550679012346,
      "max": 0.9664884166666666
    }
  }
}