{
  "total_experiments": 10,
  "successful_experiments": 10,
  "failed_experiments": 0,
  "modes": {
    "multi_expert": {
      "count": 10,
      "aar_improvement": {
        "mean": 0.4828885472367309,
        "std": 0.09870397397589496,
        "min": 0.33488372093023255,
        "max": 0.6503067484662577
      },
      "sctm_improvement": {
        "mean": 0.24131399999999997,
        "std": 0.20601732219403301,
        "min": 0.005750000000000005,
        "max": 0.73646
      },
      "reward_improvement": {
        "mean": 0.3005982608514815,
        "std": 0.09335156279297703,
        "min": 0.20732511111111107,
        "max": 0.5285084492753623
      }
    }
  },
  "baseline_metrics": {
    "aar": {
      "mean": 0.452704061898621,
      "std": 0.12220541381061915,
      "min": 0.25766871165644173,
      "max": 0.6651162790697674
    },
    "sctm": {
      "mean": 0.41377600000000003,
      "std": 0.15902771225167014,
      "min": 0.20617,
      "max": 0.69864
    },
    "reward": {
      "mean": 0.5127542165400214,
      "std": 0.10935182336280151,
      "min": 0.35163148159509205,
      "max": 0.7304345116279071
    }
  },
  "final_metrics": {
    "aar": {
      "mean": 0.9355926091353519,
      "std": 0.04027404220765747,
      "min": 0.8950617283950617,
      "max": 1.0
    },
    "sctm": {
      "mean": 0.6550900000000002,
      "std": 0.22895804523973382,
      "min": 0.24564,
      "max": 1.0
    },
    "reward": {
      "mean": 0.813352477391503,
      "std": 0.11955278696046746,
      "min": 0.6003539509202455,
      "max": 1.0
    }
  }
}