{
  "total_experiments": 10,
  "successful_experiments": 10,
  "failed_experiments": 0,
  "modes": {
    "multi_expert": {
      "count": 10,
      "aar_improvement": {
        "mean": 0.5233836908654996,
        "std": 0.0597183176331603,
        "min": 0.4094202898550725,
        "max": 0.6491228070175439
      },
      "sctm_improvement": {
        "mean": 0.193196,
        "std": 0.25205271306613625,
        "min": -0.45811,
        "max": 0.44455000000000006
      },
      "reward_improvement": {
        "mean": 0.30005782855370516,
        "std": 0.12222432025636104,
        "min": -0.029663992753623192,
        "max": 0.4125939684014871
      }
    }
  },
  "baseline_metrics": {
    "aar": {
      "mean": 0.4000680366527929,
      "std": 0.07054057741003027,
      "min": 0.26900584795321636,
      "max": 0.5144927536231884
    },
    "sctm": {
      "mean": 0.449045,
      "std": 0.1397690418690777,
      "min": 0.21323,
      "max": 0.68762
    },
    "reward": {
      "mean": 0.5041515117837925,
      "std": 0.07906744730634328,
      "min": 0.3626658287671233,
      "max": 0.6525087101449276
    }
  },
  "final_metrics": {
    "aar": {
      "mean": 0.9234517275182927,
      "std": 0.033532387250578284,
      "min": 0.8798076923076923,
      "max": 0.9962825278810409
    },
    "sctm": {
      "mean": 0.6422410000000001,
      "std": 0.20516306268185802,
      "min": 0.22951,
      "max": 0.9229
    },
    "reward": {
      "mean": 0.8042093403374977,
      "std": 0.0942047021303085,
      "min": 0.6228447173913044,
      "max": 0.9534462639405206
    }
  }
}