{
  "total_experiments": 10,
  "successful_experiments": 10,
  "failed_experiments": 0,
  "modes": {
    "multi_expert": {
      "count": 10,
      "aar_improvement": {
        "mean": 0.46464040980218024,
        "std": 0.1100243511825592,
        "min": 0.21969696969696972,
        "max": 0.6393442622950819
      },
      "sctm_improvement": {
        "mean": 0.13752000000000003,
        "std": 0.15502036827462382,
        "min": -0.10072999999999999,
        "max": 0.50813
      },
      "reward_improvement": {
        "mean": 0.24669975663156768,
        "std": 0.0827611216786956,
        "min": 0.14431833333333344,
        "max": 0.4149547962962963
      }
    }
  },
  "baseline_metrics": {
    "aar": {
      "mean": 0.46943305189362283,
      "std": 0.12068090991383826,
      "min": 0.319672131147541,
      "max": 0.7727272727272727
    },
    "sctm": {
      "mean": 0.504834,
      "std": 0.14928859843939857,
      "min": 0.26158,
      "max": 0.74162
    },
    "reward": {
      "mean": 0.5575028983659109,
      "std": 0.09330029320987643,
      "min": 0.4553699653465346,
      "max": 0.7873653636363636
    }
  },
  "final_metrics": {
    "aar": {
      "mean": 0.9340734616958031,
      "std": 0.03814132762596694,
      "min": 0.8790560471976401,
      "max": 0.9924242424242424
    },
    "sctm": {
      "mean": 0.6423540000000001,
      "std": 0.12246468594660259,
      "min": 0.42813,
      "max": 0.85492
    },
    "reward": {
      "mean": 0.8042026549974786,
      "std": 0.0691266488312648,
      "min": 0.6874053354430381,
      "max": 0.931683696969697
    }
  }
}