{
  "total_experiments": 10,
  "successful_experiments": 10,
  "failed_experiments": 0,
  "modes": {
    "multi_expert": {
      "count": 10,
      "aar_improvement": {
        "mean": 0.5539519865486113,
        "std": 0.07996523516516042,
        "min": 0.44660194174757284,
        "max": 0.7465753424657534
      },
      "sctm_improvement": {
        "mean": 0.170931,
        "std": 0.10896312820858256,
        "min": 0.016659999999999953,
        "max": 0.40278
      },
      "reward_improvement": {
        "mean": 0.2996174253832885,
        "std": 0.07036782638412786,
        "min": 0.23449262921348324,
        "max": 0.47371675342465763
      }
    }
  },
  "baseline_metrics": {
    "aar": {
      "mean": 0.3810951385117276,
      "std": 0.087052765228591,
      "min": 0.2465753424657534,
      "max": 0.4980694980694981
    },
    "sctm": {
      "mean": 0.4331709999999999,
      "std": 0.13851679901369365,
      "min": 0.25816,
      "max": 0.63215
    },
    "reward": {
      "mean": 0.4838789202072261,
      "std": 0.08615153493820008,
      "min": 0.330390698630137,
      "max": 0.6075118258426966
    }
  },
  "final_metrics": {
    "aar": {
      "mean": 0.9350471250603392,
      "std": 0.04778764984644003,
      "min": 0.8512820512820513,
      "max": 0.9931506849315068
    },
    "sctm": {
      "mean": 0.6041019999999999,
      "std": 0.16082268999118252,
      "min": 0.38558,
      "max": 0.81237
    },
    "reward": {
      "mean": 0.7834963455905146,
      "std": 0.07451676133221265,
      "min": 0.6583337435897436,
      "max": 0.8871841470588235
    }
  }
}