{
  "total_experiments": 10,
  "successful_experiments": 10,
  "failed_experiments": 0,
  "modes": {
    "multi_expert": {
      "count": 10,
      "aar_improvement": {
        "mean": 0.585398720908208,
        "std": 0.05043758747013897,
        "min": 0.53,
        "max": 0.6964285714285714
      },
      "sctm_improvement": {
        "mean": 0.17095,
        "std": 0.13330757997953455,
        "min": 0.0,
        "max": 0.39589
      },
      "reward_improvement": {
        "mean": 0.31018161716706505,
        "std": 0.07294667394986543,
        "min": 0.22623456790123464,
        "max": 0.45779335714285724
      }
    }
  },
  "baseline_metrics": {
    "aar": {
      "mean": 0.33801366876611183,
      "std": 0.06359357798499575,
      "min": 0.23214285714285715,
      "max": 0.44
    },
    "sctm": {
      "mean": 0.509167,
      "std": 0.16370861003930126,
      "min": 0.2445,
      "max": 0.77591
    },
    "reward": {
      "mean": 0.5070362178171048,
      "std": 0.08357915328120727,
      "min": 0.3658372142857143,
      "max": 0.6371165000000001
    }
  },
  "final_metrics": {
    "aar": {
      "mean": 0.9234123896743199,
      "std": 0.03520178523798156,
      "min": 0.8333333333333334,
      "max": 0.97
    },
    "sctm": {
      "mean": 0.6801170000000001,
      "std": 0.15799132533465246,
      "min": 0.49105,
      "max": 0.94218
    },
    "reward": {
      "mean": 0.8172178349841699,
      "std": 0.07154614913934765,
      "min": 0.7325053467153284,
      "max": 0.9425163535353536
    }
  }
}