{
  "total_experiments": 10,
  "successful_experiments": 10,
  "failed_experiments": 0,
  "modes": {
    "multi_expert": {
      "count": 10,
      "aar_improvement": {
        "mean": 0.5427204697783561,
        "std": 0.06863007276888096,
        "min": 0.4530201342281879,
        "max": 0.7105263157894737
      },
      "sctm_improvement": {
        "mean": 0.170955,
        "std": 0.22221292641293394,
        "min": -0.03210999999999997,
        "max": 0.57775
      },
      "reward_improvement": {
        "mean": 0.29309949627649284,
        "std": 0.10600094287385292,
        "min": 0.17264781543624175,
        "max": 0.47704176356589156
      }
    }
  },
  "baseline_metrics": {
    "aar": {
      "mean": 0.38978547190103974,
      "std": 0.0781436120668384,
      "min": 0.19736842105263158,
      "max": 0.49328859060402686
    },
    "sctm": {
      "mean": 0.47491399999999995,
      "std": 0.11322157031237466,
      "min": 0.26201,
      "max": 0.6924
    },
    "reward": {
      "mean": 0.5139653047280498,
      "std": 0.06061265344466825,
      "min": 0.41674170930232557,
      "max": 0.6221427705627707
    }
  },
  "final_metrics": {
    "aar": {
      "mean": 0.9325059416793959,
      "std": 0.029523004704245966,
      "min": 0.8636363636363636,
      "max": 0.9699248120300752
    },
    "sctm": {
      "mean": 0.645869,
      "std": 0.16823115118490986,
      "min": 0.38627,
      "max": 0.87357
    },
    "reward": {
      "mean": 0.8070648010045426,
      "std": 0.08174917219632932,
      "min": 0.702344989932886,
      "max": 0.9216891771653543
    }
  }
}