{
  "total_experiments": 10,
  "successful_experiments": 10,
  "failed_experiments": 0,
  "modes": {
    "multi_expert": {
      "count": 10,
      "aar_improvement": {
        "mean": 0.5280973131562113,
        "std": 0.04299871373243057,
        "min": 0.43636363636363634,
        "max": 0.5900000000000001
      },
      "sctm_improvement": {
        "mean": 0.16392600000000004,
        "std": 0.12763533869583296,
        "min": 0.028469999999999995,
        "max": 0.38743999999999995
      },
      "reward_improvement": {
        "mean": 0.2904621241182001,
        "std": 0.04958762670539747,
        "min": 0.24309617475728157,
        "max": 0.4013504832214767
      }
    }
  },
  "baseline_metrics": {
    "aar": {
      "mean": 0.3780573644391625,
      "std": 0.04747141662269629,
      "min": 0.32,
      "max": 0.4909090909090909
    },
    "sctm": {
      "mean": 0.496702,
      "std": 0.1568307024660669,
      "min": 0.23332,
      "max": 0.71393
    },
    "reward": {
      "mean": 0.5152827388519852,
      "std": 0.06307694724500652,
      "min": 0.4025182718446602,
      "max": 0.6076974324324325
    }
  },
  "final_metrics": {
    "aar": {
      "mean": 0.9061546775953738,
      "std": 0.018094302674522403,
      "min": 0.8778625954198473,
      "max": 0.9401709401709402
    },
    "sctm": {
      "mean": 0.6606280000000001,
      "std": 0.17850651449176863,
      "min": 0.30088,
      "max": 0.90188
    },
    "reward": {
      "mean": 0.8057448629701852,
      "std": 0.07869283201660228,
      "min": 0.6456144466019418,
      "max": 0.9094366040268458
    }
  }
}