{
  "total_experiments": 10,
  "successful_experiments": 10,
  "failed_experiments": 0,
  "modes": {
    "multi_expert": {
      "count": 10,
      "aar_improvement": {
        "mean": 0.4975434827806594,
        "std": 0.08465274818008259,
        "min": 0.32441471571906355,
        "max": 0.6644295302013423
      },
      "sctm_improvement": {
        "mean": 0.259191,
        "std": 0.17282267863043901,
        "min": 0.07010000000000005,
        "max": 0.58118
      },
      "reward_improvement": {
        "mean": 0.317047669441358,
        "std": 0.08680884024991892,
        "min": 0.18299436956521753,
        "max": 0.4638037272727273
      }
    }
  },
  "baseline_metrics": {
    "aar": {
      "mean": 0.43912830758036686,
      "std": 0.0970629120548144,
      "min": 0.2751677852348993,
      "max": 0.6555183946488294
    },
    "sctm": {
      "mean": 0.41492300000000004,
      "std": 0.13812663031074057,
      "min": 0.22761,
      "max": 0.63006
    },
    "reward": {
      "mean": 0.5018088035651715,
      "std": 0.08469325598323152,
      "min": 0.39129898322147655,
      "max": 0.6818882040133779
    }
  },
  "final_metrics": {
    "aar": {
      "mean": 0.9366717903610262,
      "std": 0.031126162481035717,
      "min": 0.8775510204081632,
      "max": 0.979933110367893
    },
    "sctm": {
      "mean": 0.6741140000000001,
      "std": 0.11386807543820171,
      "min": 0.4401,
      "max": 0.82482
    },
    "reward": {
      "mean": 0.8188564730065295,
      "std": 0.05687317405016341,
      "min": 0.7110507803468209,
      "max": 0.8910758717948718
    }
  }
}