{
  "total_experiments": 10,
  "successful_experiments": 10,
  "failed_experiments": 0,
  "modes": {
    "multi_expert": {
      "count": 10,
      "aar_improvement": {
        "mean": 0.5201203416114543,
        "std": 0.11214120811809915,
        "min": 0.38121546961325964,
        "max": 0.7210884353741497
      },
      "sctm_improvement": {
        "mean": 0.092455,
        "std": 0.12292104923486459,
        "min": -0.09935000000000005,
        "max": 0.28138
      },
      "reward_improvement": {
        "mean": 0.24948496466266845,
        "std": 0.08903709343726078,
        "min": 0.10777868784530376,
        "max": 0.36112804225352124
      }
    }
  },
  "baseline_metrics": {
    "aar": {
      "mean": 0.390376089196308,
      "std": 0.12318670577070917,
      "min": 0.17687074829931973,
      "max": 0.5964912280701754
    },
    "sctm": {
      "mean": 0.405795,
      "std": 0.17428484542552744,
      "min": 0.20992,
      "max": 0.78045
    },
    "reward": {
      "mean": 0.4833944453438882,
      "std": 0.10444840475279751,
      "min": 0.3654207278911565,
      "max": 0.6560961170212766
    }
  },
  "final_metrics": {
    "aar": {
      "mean": 0.9104964308077623,
      "std": 0.0455783097686277,
      "min": 0.8489208633093526,
      "max": 0.9941520467836257
    },
    "sctm": {
      "mean": 0.49824999999999997,
      "std": 0.17977068370565874,
      "min": 0.21603,
      "max": 0.91963
    },
    "reward": {
      "mean": 0.7328794100065567,
      "std": 0.0853138543981874,
      "min": 0.5812782482014389,
      "max": 0.9316703794326241
    }
  }
}