{
  "total_experiments": 2,
  "successful_experiments": 2,
  "failed_experiments": 0,
  "modes": {
    "multi_expert": {
      "count": 2,
      "aar_improvement": {
        "mean": 0.21476190476190482,
        "std": 0.23857142857142855,
        "min": -0.023809523809523725,
        "max": 0.45333333333333337
      },
      "sctm_improvement": {
        "mean": -0.009989999999999999,
        "std": 0.009989999999999999,
        "min": -0.019979999999999998,
        "max": 0.0
      },
      "reward_improvement": {
        "mean": 0.08230211904761903,
        "std": 0.09903121428571432,
        "min": -0.016729095238095293,
        "max": 0.18133333333333335
      }
    }
  },
  "baseline_metrics": {
    "aar": {
      "mean": 0.7653968253968253,
      "std": 0.21873015873015872,
      "min": 0.5466666666666666,
      "max": 0.9841269841269841
    },
    "sctm": {
      "mean": 0.5910183333333333,
      "std": 0.04435166666666668,
      "min": 0.5466666666666666,
      "max": 0.63537
    },
    "reward": {
      "mean": 0.7180098373015873,
      "std": 0.10334317063492066,
      "min": 0.6146666666666667,
      "max": 0.821353007936508
    }
  },
  "final_metrics": {
    "aar": {
      "mean": 0.9801587301587302,
      "std": 0.019841269841269826,
      "min": 0.9603174603174603,
      "max": 1.0
    },
    "sctm": {
      "mean": 0.5810283333333333,
      "std": 0.03436166666666668,
      "min": 0.5466666666666666,
      "max": 0.61539
    },
    "reward": {
      "mean": 0.8003119563492064,
      "std": 0.004311956349206336,
      "min": 0.796,
      "max": 0.8046239126984127
    }
  }
}