{
  "total_experiments": 10,
  "successful_experiments": 10,
  "failed_experiments": 0,
  "modes": {
    "multi_expert": {
      "count": 10,
      "aar_improvement": {
        "mean": 0.5277189562067431,
        "std": 0.1333380719705261,
        "min": 0.23225806451612907,
        "max": 0.7094017094017093
      },
      "sctm_improvement": {
        "mean": 0.16476300000000002,
        "std": 0.1397991616605765,
        "min": -0.03249999999999997,
        "max": 0.42617
      },
      "reward_improvement": {
        "mean": 0.28161841285383676,
        "std": 0.08070026592593467,
        "min": 0.1499684959349593,
        "max": 0.4641038119658121
      }
    }
  },
  "baseline_metrics": {
    "aar": {
      "mean": 0.39493113801641727,
      "std": 0.14871228029584593,
      "min": 0.23076923076923078,
      "max": 0.7612903225806451
    },
    "sctm": {
      "mean": 0.5602710000000001,
      "std": 0.18146690576796642,
      "min": 0.23176,
      "max": 0.93864
    },
    "reward": {
      "mean": 0.551358112663999,
      "std": 0.12241785656366784,
      "min": 0.3385227692307692,
      "max": 0.7574419568345325
    }
  },
  "final_metrics": {
    "aar": {
      "mean": 0.9226500942231606,
      "std": 0.02816541391321678,
      "min": 0.8888888888888888,
      "max": 0.9935483870967742
    },
    "sctm": {
      "mean": 0.7250340000000001,
      "std": 0.13171714969585396,
      "min": 0.5289,
      "max": 0.98656
    },
    "reward": {
      "mean": 0.8329765255178359,
      "std": 0.07126018454752757,
      "min": 0.7219164391143912,
      "max": 0.9591063548387098
    }
  }
}