{
  "total_experiments": 10,
  "successful_experiments": 10,
  "failed_experiments": 0,
  "modes": {
    "multi_expert": {
      "count": 10,
      "aar_improvement": {
        "mean": 0.4960874403454776,
        "std": 0.165814653218647,
        "min": 0.01851851851851849,
        "max": 0.604
      },
      "sctm_improvement": {
        "mean": 0.21192899999999998,
        "std": 0.07895426390639076,
        "min": 0.06364999999999998,
        "max": 0.35180999999999996
      },
      "reward_improvement": {
        "mean": 0.2977159425543308,
        "std": 0.05051402081292618,
        "min": 0.16711079629629633,
        "max": 0.36313150000000005
      }
    }
  },
  "baseline_metrics": {
    "aar": {
      "mean": 0.4515304478097244,
      "std": 0.1862208498430431,
      "min": 0.30625,
      "max": 0.9814814814814815
    },
    "sctm": {
      "mean": 0.48951800000000006,
      "std": 0.1882953433731169,
      "min": 0.21345,
      "max": 0.72623
    },
    "reward": {
      "mean": 0.5427263876323993,
      "std": 0.12707461280056284,
      "min": 0.397222,
      "max": 0.832611425925926
    }
  },
  "final_metrics": {
    "aar": {
      "mean": 0.947617888155202,
      "std": 0.03914104407043471,
      "min": 0.8875,
      "max": 1.0
    },
    "sctm": {
      "mean": 0.7014469999999999,
      "std": 0.17555448806851962,
      "min": 0.45708,
      "max": 1.0
    },
    "reward": {
      "mean": 0.8404423301867302,
      "std": 0.08738514723144687,
      "min": 0.70365475,
      "max": 0.9997222222222223
    }
  }
}