{
  "total_experiments": 10,
  "successful_experiments": 10,
  "failed_experiments": 0,
  "modes": {
    "multi_expert": {
      "count": 10,
      "aar_improvement": {
        "mean": 0.5286953641445281,
        "std": 0.0777874832258969,
        "min": 0.33333333333333326,
        "max": 0.6255924170616114
      },
      "sctm_improvement": {
        "mean": 0.18673800000000002,
        "std": 0.18004521803147122,
        "min": -0.04785000000000006,
        "max": 0.49456
      },
      "reward_improvement": {
        "mean": 0.29501955156795473,
        "std": 0.09065153980337347,
        "min": 0.10894369047619057,
        "max": 0.43450852173913046
      }
    }
  },
  "baseline_metrics": {
    "aar": {
      "mean": 0.39921584360192847,
      "std": 0.09065417049139404,
      "min": 0.28780487804878047,
      "max": 0.580952380952381
    },
    "sctm": {
      "mean": 0.43926999999999994,
      "std": 0.2095498833213705,
      "min": 0.18908,
      "max": 0.78866
    },
    "reward": {
      "mean": 0.5036619619636419,
      "std": 0.11516786994021774,
      "min": 0.3653999512195122,
      "max": 0.7265636666666666
    }
  },
  "final_metrics": {
    "aar": {
      "mean": 0.9279112077464564,
      "std": 0.04179696298413329,
      "min": 0.8728323699421965,
      "max": 0.9967105263157895
    },
    "sctm": {
      "mean": 0.626008,
      "std": 0.25849211314080744,
      "min": 0.20509,
      "max": 0.997
    },
    "reward": {
      "mean": 0.7986815135315968,
      "std": 0.12588367741547724,
      "min": 0.5986366538461538,
      "max": 0.9921193877551021
    }
  }
}