{
  "total_experiments": 10,
  "successful_experiments": 10,
  "failed_experiments": 0,
  "modes": {
    "multi_expert": {
      "count": 10,
      "aar_improvement": {
        "mean": 0.49703792938815095,
        "std": 0.06819323721945637,
        "min": 0.3817204301075269,
        "max": 0.6027397260273972
      },
      "sctm_improvement": {
        "mean": 0.11022199999999997,
        "std": 0.14023727192155444,
        "min": -0.11058000000000007,
        "max": 0.37120000000000003
      },
      "reward_improvement": {
        "mean": 0.25052578191084374,
        "std": 0.08682768587332787,
        "min": 0.12260386486486496,
        "max": 0.40550153846153847
      }
    }
  },
  "baseline_metrics": {
    "aar": {
      "mean": 0.40545746663179905,
      "std": 0.06414815577571585,
      "min": 0.3076923076923077,
      "max": 0.510752688172043
    },
    "sctm": {
      "mean": 0.508321,
      "std": 0.10311840354175389,
      "min": 0.2828,
      "max": 0.65973
    },
    "reward": {
      "mean": 0.5321988932434162,
      "std": 0.05557156920186347,
      "min": 0.40033692307692315,
      "max": 0.6002118333333334
    }
  },
  "final_metrics": {
    "aar": {
      "mean": 0.9024953960199502,
      "std": 0.04227565698007471,
      "min": 0.8153846153846154,
      "max": 0.9701492537313433
    },
    "sctm": {
      "mean": 0.6185430000000001,
      "std": 0.15039616291980323,
      "min": 0.40678,
      "max": 0.84092
    },
    "reward": {
      "mean": 0.7827246751542598,
      "std": 0.07449460472288394,
      "min": 0.6620668461538463,
      "max": 0.8633003636363636
    }
  }
}