{
  "total_experiments": 10,
  "successful_experiments": 10,
  "failed_experiments": 0,
  "modes": {
    "multi_expert": {
      "count": 10,
      "aar_improvement": {
        "mean": 0.3852648571688093,
        "std": 0.25053470900279273,
        "min": -0.007936507936507908,
        "max": 0.6444444444444444
      },
      "sctm_improvement": {
        "mean": 0.188429,
        "std": 0.24302764215002376,
        "min": -0.11978,
        "max": 0.60285
      },
      "reward_improvement": {
        "mean": 0.24115450015886722,
        "std": 0.17010109761145623,
        "min": -0.02558010317460324,
        "max": 0.46861583333333334
      }
    }
  },
  "baseline_metrics": {
    "aar": {
      "mean": 0.5824839312835228,
      "std": 0.2682090962389033,
      "min": 0.32764505119453924,
      "max": 1.0
    },
    "sctm": {
      "mean": 0.6022299999999999,
      "std": 0.22108964693083213,
      "min": 0.25668,
      "max": 1.0
    },
    "reward": {
      "mean": 0.6492886930089545,
      "std": 0.1915728015248835,
      "min": 0.39211009556313997,
      "max": 1.0
    }
  },
  "final_metrics": {
    "aar": {
      "mean": 0.9677487884523321,
      "std": 0.03887568456286508,
      "min": 0.863481228668942,
      "max": 1.0
    },
    "sctm": {
      "mean": 0.790659,
      "std": 0.18508193047674862,
      "min": 0.43089,
      "max": 1.0
    },
    "reward": {
      "mean": 0.8904431931678218,
      "std": 0.09105279008682546,
      "min": 0.7354616814345992,
      "max": 1.0
    }
  }
}