{
  "total_experiments": 10,
  "successful_experiments": 10,
  "failed_experiments": 0,
  "modes": {
    "multi_expert": {
      "count": 10,
      "aar_improvement": {
        "mean": 0.4363568844732265,
        "std": 0.16169316230790381,
        "min": 0.02631578947368418,
        "max": 0.6124260355029587
      },
      "sctm_improvement": {
        "mean": 0.15113700000000002,
        "std": 0.24692449169938568,
        "min": -0.34429999999999994,
        "max": 0.5301
      },
      "reward_improvement": {
        "mean": 0.2404280673431069,
        "std": 0.1344402044504127,
        "min": 0.01726339142091149,
        "max": 0.44769839716312054
      }
    }
  },
  "baseline_metrics": {
    "aar": {
      "mean": 0.5030379135032832,
      "std": 0.18685974569916472,
      "min": 0.3106508875739645,
      "max": 0.9736842105263158
    },
    "sctm": {
      "mean": 0.47691100000000003,
      "std": 0.18713751358025468,
      "min": 0.25859,
      "max": 0.83147
    },
    "reward": {
      "mean": 0.5618121222526412,
      "std": 0.14424980174590046,
      "min": 0.40636550000000005,
      "max": 0.9136351842105265
    }
  },
  "final_metrics": {
    "aar": {
      "mean": 0.9393947979765098,
      "std": 0.06326026983416233,
      "min": 0.7801608579088471,
      "max": 1.0
    },
    "sctm": {
      "mean": 0.628048,
      "std": 0.2570437903859963,
      "min": 0.19403,
      "max": 1.0
    },
    "reward": {
      "mean": 0.802240189595748,
      "std": 0.1255419427711979,
      "min": 0.5493778431635389,
      "max": 0.9992105263157895
    }
  }
}