{
  "total_experiments": 10,
  "successful_experiments": 10,
  "failed_experiments": 0,
  "modes": {
    "multi_expert": {
      "count": 10,
      "aar_improvement": {
        "mean": 0.5459569403011436,
        "std": 0.0990553605638657,
        "min": 0.44666666666666666,
        "max": 0.7916666666666666
      },
      "sctm_improvement": {
        "mean": 0.07293499999999999,
        "std": 0.17205836557691698,
        "min": -0.17114000000000001,
        "max": 0.40851000000000004
      },
      "reward_improvement": {
        "mean": 0.2465567868408928,
        "std": 0.10806393289381577,
        "min": 0.12734168410041835,
        "max": 0.5073711666666667
      }
    }
  },
  "baseline_metrics": {
    "aar": {
      "mean": 0.38195921960668044,
      "std": 0.08791101502631377,
      "min": 0.20833333333333334,
      "max": 0.5
    },
    "sctm": {
      "mean": 0.5229969999999999,
      "std": 0.1269432439360205,
      "min": 0.36887,
      "max": 0.80247
    },
    "reward": {
      "mean": 0.5357213311054217,
      "std": 0.06448719910263408,
      "min": 0.4766811551724138,
      "max": 0.7066115
    }
  },
  "final_metrics": {
    "aar": {
      "mean": 0.927916159907824,
      "std": 0.04655795794927693,
      "min": 0.8200836820083682,
      "max": 1.0
    },
    "sctm": {
      "mean": 0.595932,
      "std": 0.24199273161812113,
      "min": 0.20427,
      "max": 1.0
    },
    "reward": {
      "mean": 0.7822781179463144,
      "std": 0.11504676109355438,
      "min": 0.6326622407407407,
      "max": 1.0
    }
  }
}