{
  "total_experiments": 10,
  "successful_experiments": 10,
  "failed_experiments": 0,
  "modes": {
    "multi_expert": {
      "count": 10,
      "aar_improvement": {
        "mean": 0.5235476477658072,
        "std": 0.05952579350950849,
        "min": 0.42903225806451606,
        "max": 0.6033519553072626
      },
      "sctm_improvement": {
        "mean": 0.09417,
        "std": 0.31095504273126046,
        "min": -0.51689,
        "max": 0.53769
      },
      "reward_improvement": {
        "mean": 0.24960539103986185,
        "std": 0.15338863462123137,
        "min": -0.034071088235294145,
        "max": 0.46673322727272715
      }
    }
  },
  "baseline_metrics": {
    "aar": {
      "mean": 0.4174003285726985,
      "std": 0.049682949165840484,
      "min": 0.34226190476190477,
      "max": 0.5079365079365079
    },
    "sctm": {
      "mean": 0.5193030000000001,
      "std": 0.18760315008282774,
      "min": 0.2331,
      "max": 0.87242
    },
    "reward": {
      "mean": 0.5432007773385831,
      "std": 0.09298473943352879,
      "min": 0.4001471008403361,
      "max": 0.7157636031746032
    }
  },
  "final_metrics": {
    "aar": {
      "mean": 0.9409479763385058,
      "std": 0.043594438359330974,
      "min": 0.8516129032258064,
      "max": 0.9954545454545455
    },
    "sctm": {
      "mean": 0.6134729999999999,
      "std": 0.24408342561714427,
      "min": 0.27708,
      "max": 0.97932
    },
    "reward": {
      "mean": 0.7928061683784449,
      "std": 0.1193256660194913,
      "min": 0.6109763225806452,
      "max": 0.9714894545454544
    }
  }
}