{
  "total_experiments": 10,
  "successful_experiments": 10,
  "failed_experiments": 0,
  "modes": {
    "multi_expert": {
      "count": 10,
      "aar_improvement": {
        "mean": 0.5319460786165469,
        "std": 0.04574207534270499,
        "min": 0.4593023255813954,
        "max": 0.6216216216216217
      },
      "sctm_improvement": {
        "mean": 0.09380999999999999,
        "std": 0.1567134219523012,
        "min": -0.09761,
        "max": 0.40642
      },
      "reward_improvement": {
        "mean": 0.2509275679431638,
        "std": 0.07137632021813613,
        "min": 0.16264853370786514,
        "max": 0.38758248659003847
      }
    }
  },
  "baseline_metrics": {
    "aar": {
      "mean": 0.37597325948735044,
      "std": 0.05527023586677383,
      "min": 0.29213483146067415,
      "max": 0.47634069400630913
    },
    "sctm": {
      "mean": 0.49099999999999994,
      "std": 0.14245258621730952,
      "min": 0.22682,
      "max": 0.74656
    },
    "reward": {
      "mean": 0.5101963158754995,
      "std": 0.07163333446159625,
      "min": 0.4123755134099617,
      "max": 0.6692485299684543
    }
  },
  "final_metrics": {
    "aar": {
      "mean": 0.9079193381038971,
      "std": 0.03791389918877993,
      "min": 0.8313953488372093,
      "max": 0.9621451104100947
    },
    "sctm": {
      "mean": 0.58481,
      "std": 0.17356702244378105,
      "min": 0.2305,
      "max": 0.87019
    },
    "reward": {
      "mean": 0.7611238838186634,
      "std": 0.07981351491593465,
      "min": 0.5771519662921348,
      "max": 0.862070193877551
    }
  }
}