{
  "total_experiments": 10,
  "successful_experiments": 10,
  "failed_experiments": 0,
  "modes": {
    "multi_expert": {
      "count": 10,
      "aar_improvement": {
        "mean": 0.44891497419342014,
        "std": 0.16336367798182466,
        "min": 0.13636363636363646,
        "max": 0.6483516483516484
      },
      "sctm_improvement": {
        "mean": 0.18777000000000002,
        "std": 0.1418073414883729,
        "min": -0.032379999999999964,
        "max": 0.5096
      },
      "reward_improvement": {
        "mean": 0.25849189632892505,
        "std": 0.10010801785257172,
        "min": 0.09847907142857137,
        "max": 0.4283246296296297
      }
    }
  },
  "baseline_metrics": {
    "aar": {
      "mean": 0.4898715932712821,
      "std": 0.1895626482466348,
      "min": 0.27472527472527475,
      "max": 0.8571428571428571
    },
    "sctm": {
      "mean": 0.520973,
      "std": 0.09590668006452939,
      "min": 0.34642,
      "max": 0.65861
    },
    "reward": {
      "mean": 0.5759753133374452,
      "std": 0.09248785305575163,
      "min": 0.49524945833333334,
      "max": 0.7557400714285715
    }
  },
  "final_metrics": {
    "aar": {
      "mean": 0.9387865674647022,
      "std": 0.038355899475148676,
      "min": 0.8802083333333334,
      "max": 0.9935064935064936
    },
    "sctm": {
      "mean": 0.708743,
      "std": 0.14307707978918216,
      "min": 0.38351,
      "max": 0.85602
    },
    "reward": {
      "mean": 0.8344672096663703,
      "std": 0.07743876735899118,
      "min": 0.6685690833333334,
      "max": 0.9296534444444445
    }
  }
}