{
  "total_experiments": 10,
  "successful_experiments": 10,
  "failed_experiments": 0,
  "modes": {
    "multi_expert": {
      "count": 10,
      "aar_improvement": {
        "mean": 0.5097408063558146,
        "std": 0.10341176528009875,
        "min": 0.3227513227513227,
        "max": 0.6597222222222223
      },
      "sctm_improvement": {
        "mean": 0.094119,
        "std": 0.04321743871401913,
        "min": 0.05209000000000008,
        "max": 0.19599
      },
      "reward_improvement": {
        "mean": 0.2482452734515578,
        "std": 0.04963460811045944,
        "min": 0.16409252910052918,
        "max": 0.34583438888888884
      }
    }
  },
  "baseline_metrics": {
    "aar": {
      "mean": 0.4108669832879304,
      "std": 0.09923241378880077,
      "min": 0.2641509433962264,
      "max": 0.6084656084656085
    },
    "sctm": {
      "mean": 0.47231700000000004,
      "std": 0.1730331694820389,
      "min": 0.21177,
      "max": 0.6958
    },
    "reward": {
      "mean": 0.5192485777995607,
      "std": 0.10821941141524967,
      "min": 0.3556117735849057,
      "max": 0.6905438624338625
    }
  },
  "final_metrics": {
    "aar": {
      "mean": 0.9206077896437449,
      "std": 0.02284742437657779,
      "min": 0.8897058823529411,
      "max": 0.9583333333333334
    },
    "sctm": {
      "mean": 0.5664359999999999,
      "std": 0.1857372116297647,
      "min": 0.2868,
      "max": 0.77356
    },
    "reward": {
      "mean": 0.7674938512511186,
      "std": 0.08209669302860488,
      "min": 0.6376092227979274,
      "max": 0.8546363915343916
    }
  }
}