{
  "total_experiments": 10,
  "successful_experiments": 10,
  "failed_experiments": 0,
  "modes": {
    "multi_expert": {
      "count": 10,
      "aar_improvement": {
        "mean": 0.5164203323372657,
        "std": 0.08313816782455868,
        "min": 0.41150442477876104,
        "max": 0.7044334975369458
      },
      "sctm_improvement": {
        "mean": 0.17736000000000002,
        "std": 0.27931285956790464,
        "min": -0.15221999999999997,
        "max": 0.6839500000000001
      },
      "reward_improvement": {
        "mean": 0.2831737332773717,
        "std": 0.14666631822817094,
        "min": 0.07095275438596482,
        "max": 0.5135319418604652
      }
    }
  },
  "baseline_metrics": {
    "aar": {
      "mean": 0.42676483812664434,
      "std": 0.07782712791152681,
      "min": 0.270935960591133,
      "max": 0.5663716814159292
    },
    "sctm": {
      "mean": 0.47797900000000004,
      "std": 0.12136608912295065,
      "min": 0.31605,
      "max": 0.73705
    },
    "reward": {
      "mean": 0.5280652844754388,
      "std": 0.06452847899149255,
      "min": 0.4121271921182266,
      "max": 0.6609828448275862
    }
  },
  "final_metrics": {
    "aar": {
      "mean": 0.94318517046391,
      "std": 0.0496151308896744,
      "min": 0.8482758620689655,
      "max": 1.0
    },
    "sctm": {
      "mean": 0.6553389999999999,
      "std": 0.2260409231289768,
      "min": 0.34949,
      "max": 1.0
    },
    "reward": {
      "mean": 0.8112390177528106,
      "std": 0.11456863820304408,
      "min": 0.6139152368421052,
      "max": 0.9927027027027028
    }
  }
}