{
  "total_experiments": 10,
  "successful_experiments": 10,
  "failed_experiments": 0,
  "modes": {
    "multi_expert": {
      "count": 10,
      "aar_improvement": {
        "mean": 0.4577725348558287,
        "std": 0.1397898844395637,
        "min": 0.12727272727272732,
        "max": 0.639344262295082
      },
      "sctm_improvement": {
        "mean": 0.19867,
        "std": 0.11581514322401887,
        "min": -0.022320000000000007,
        "max": 0.43345
      },
      "reward_improvement": {
        "mean": 0.2768697094123073,
        "std": 0.0515084652329007,
        "min": 0.1988985000000001,
        "max": 0.3590734050632912
      }
    }
  },
  "baseline_metrics": {
    "aar": {
      "mean": 0.497195066290153,
      "std": 0.1740056886276382,
      "min": 0.2540983606557377,
      "max": 0.8727272727272727
    },
    "sctm": {
      "mean": 0.571725,
      "std": 0.21914275458020513,
      "min": 0.23841,
      "max": 0.87036
    },
    "reward": {
      "mean": 0.5975587685275887,
      "std": 0.14933346971331302,
      "min": 0.37150444262295085,
      "max": 0.7861264126213593
    }
  },
  "final_metrics": {
    "aar": {
      "mean": 0.9549676011459816,
      "std": 0.040384783139219435,
      "min": 0.8934426229508197,
      "max": 1.0
    },
    "sctm": {
      "mean": 0.7703949999999999,
      "std": 0.2536067606847262,
      "min": 0.26126,
      "max": 1.0
    },
    "reward": {
      "mean": 0.8744284779398962,
      "std": 0.124099334241607,
      "min": 0.6249440491803279,
      "max": 1.0
    }
  }
}