{
  "total_experiments": 10,
  "successful_experiments": 10,
  "failed_experiments": 0,
  "modes": {
    "multi_expert": {
      "count": 10,
      "aar_improvement": {
        "mean": 0.5133309577773508,
        "std": 0.10066071014375111,
        "min": 0.3076923076923077,
        "max": 0.6713780918727916
      },
      "sctm_improvement": {
        "mean": 0.143899,
        "std": 0.12957324302879822,
        "min": -0.013029999999999986,
        "max": 0.35058
      },
      "reward_improvement": {
        "mean": 0.2692331061792396,
        "std": 0.07190121774566502,
        "min": 0.15968811538461547,
        "max": 0.4028640927835052
      }
    }
  },
  "baseline_metrics": {
    "aar": {
      "mean": 0.40326662334933516,
      "std": 0.09634459096540864,
      "min": 0.27208480565371024,
      "max": 0.6068376068376068
    },
    "sctm": {
      "mean": 0.49601999999999996,
      "std": 0.1793007402661796,
      "min": 0.19602,
      "max": 0.69134
    },
    "reward": {
      "mean": 0.5260809813414525,
      "std": 0.09614644430754309,
      "min": 0.3916217783505155,
      "max": 0.6906943504273504
    }
  },
  "final_metrics": {
    "aar": {
      "mean": 0.916597581126686,
      "std": 0.03489220321810646,
      "min": 0.8640776699029126,
      "max": 0.9707602339181286
    },
    "sctm": {
      "mean": 0.639919,
      "std": 0.21523426058367193,
      "min": 0.19774,
      "max": 0.9554
    },
    "reward": {
      "mean": 0.7953140875206921,
      "std": 0.10028538904560858,
      "min": 0.5984032898550725,
      "max": 0.9664278902953587
    }
  }
}