{
  "total_experiments": 10,
  "successful_experiments": 10,
  "failed_experiments": 0,
  "modes": {
    "multi_expert": {
      "count": 10,
      "aar_improvement": {
        "mean": 0.49757948199008084,
        "std": 0.046729918678166914,
        "min": 0.44,
        "max": 0.5725806451612904
      },
      "sctm_improvement": {
        "mean": 0.125879,
        "std": 0.17611611007798236,
        "min": -0.12978999999999996,
        "max": 0.39765000000000006
      },
      "reward_improvement": {
        "mean": 0.25632966069075136,
        "std": 0.08922254824784469,
        "min": 0.12193369597989967,
        "max": 0.3825097514619884
      }
    }
  },
  "baseline_metrics": {
    "aar": {
      "mean": 0.4199269318728101,
      "std": 0.052915244115995304,
      "min": 0.3657142857142857,
      "max": 0.5377358490566038
    },
    "sctm": {
      "mean": 0.5544040000000001,
      "std": 0.11979780976295017,
      "min": 0.26234,
      "max": 0.6928
    },
    "reward": {
      "mean": 0.5624075884576918,
      "std": 0.05748961078557452,
      "min": 0.43797781203007524,
      "max": 0.6268741132075472
    }
  },
  "final_metrics": {
    "aar": {
      "mean": 0.917506413862891,
      "std": 0.059646076032621974,
      "min": 0.8057142857142857,
      "max": 0.9918032786885246
    },
    "sctm": {
      "mean": 0.680283,
      "std": 0.19871843643960163,
      "min": 0.35415,
      "max": 0.95201
    },
    "reward": {
      "mean": 0.8187372491484431,
      "std": 0.11036223339235612,
      "min": 0.6589539661654136,
      "max": 0.9737261374269007
    }
  }
}