{
  "total_experiments": 10,
  "successful_experiments": 10,
  "failed_experiments": 0,
  "modes": {
    "multi_expert": {
      "count": 10,
      "aar_improvement": {
        "mean": 0.5489176962204304,
        "std": 0.06904858089047192,
        "min": 0.4278606965174129,
        "max": 0.6702127659574468
      },
      "sctm_improvement": {
        "mean": 0.259405,
        "std": 0.2111892602974877,
        "min": 0.021210000000000007,
        "max": 0.6065400000000001
      },
      "reward_improvement": {
        "mean": 0.33405386664056647,
        "std": 0.1003151050610855,
        "min": 0.21455397368421059,
        "max": 0.5093066363636365
      }
    }
  },
  "baseline_metrics": {
    "aar": {
      "mean": 0.38572725906059274,
      "std": 0.07564634824365375,
      "min": 0.24468085106382978,
      "max": 0.5323383084577115
    },
    "sctm": {
      "mean": 0.343584,
      "std": 0.14541568940110966,
      "min": 0.16074,
      "max": 0.72209
    },
    "reward": {
      "mean": 0.4469211146648644,
      "std": 0.07097988537737533,
      "min": 0.35981791078838177,
      "max": 0.594434882022472
    }
  },
  "final_metrics": {
    "aar": {
      "mean": 0.9346449552810231,
      "std": 0.02343346728922697,
      "min": 0.9013157894736842,
      "max": 0.9775280898876404
    },
    "sctm": {
      "mean": 0.602989,
      "std": 0.24910097902055703,
      "min": 0.22919,
      "max": 0.91524
    },
    "reward": {
      "mean": 0.780974981305431,
      "std": 0.12238386714992543,
      "min": 0.61641675,
      "max": 0.9485379101123594
    }
  }
}