{
  "total_experiments": 10,
  "successful_experiments": 10,
  "failed_experiments": 0,
  "modes": {
    "multi_expert": {
      "count": 10,
      "aar_improvement": {
        "mean": 0.5513565303054961,
        "std": 0.09876325820910609,
        "min": 0.43604651162790703,
        "max": 0.7452229299363058
      },
      "sctm_improvement": {
        "mean": 0.149831,
        "std": 0.19303277692920445,
        "min": -0.15173999999999999,
        "max": 0.45376
      },
      "reward_improvement": {
        "mean": 0.2834090144163216,
        "std": 0.11541503575568825,
        "min": 0.12161598989898992,
        "max": 0.49511556687898095
      }
    }
  },
  "baseline_metrics": {
    "aar": {
      "mean": 0.3552351478888221,
      "std": 0.08848266920808169,
      "min": 0.1910828025477707,
      "max": 0.45930232558139533
    },
    "sctm": {
      "mean": 0.4759650000000001,
      "std": 0.11172005677137836,
      "min": 0.32544,
      "max": 0.62626
    },
    "reward": {
      "mean": 0.5033902725319103,
      "std": 0.0737879010860205,
      "min": 0.39376777070063695,
      "max": 0.5960796582278481
    }
  },
  "final_metrics": {
    "aar": {
      "mean": 0.9065916781943182,
      "std": 0.028744499779215806,
      "min": 0.8390804597701149,
      "max": 0.94375
    },
    "sctm": {
      "mean": 0.6257959999999999,
      "std": 0.15937368460319914,
      "min": 0.32986,
      "max": 0.84536
    },
    "reward": {
      "mean": 0.7867992869482318,
      "std": 0.07158034490561876,
      "min": 0.6545084285714285,
      "max": 0.8888833375796179
    }
  }
}