{
  "total_experiments": 10,
  "successful_experiments": 10,
  "failed_experiments": 0,
  "modes": {
    "multi_expert": {
      "count": 10,
      "aar_improvement": {
        "mean": 0.5377531081372402,
        "std": 0.06901681477605562,
        "min": 0.4220183486238532,
        "max": 0.631578947368421
      },
      "sctm_improvement": {
        "mean": 0.18002100000000001,
        "std": 0.1075177901047078,
        "min": 0.01161000000000001,
        "max": 0.30145
      },
      "reward_improvement": {
        "mean": 0.29694865565024847,
        "std": 0.06155640396147333,
        "min": 0.18947213761467885,
        "max": 0.36817075570032576
      }
    }
  },
  "baseline_metrics": {
    "aar": {
      "mean": 0.38135762747592267,
      "std": 0.0561501091773088,
      "min": 0.2807017543859649,
      "max": 0.4608695652173913
    },
    "sctm": {
      "mean": 0.5241979999999999,
      "std": 0.17129362754054805,
      "min": 0.23446,
      "max": 0.75864
    },
    "reward": {
      "mean": 0.5305361117330345,
      "std": 0.07911864144630158,
      "min": 0.40037186486486487,
      "max": 0.6483801304347826
    }
  },
  "final_metrics": {
    "aar": {
      "mean": 0.9191107356131629,
      "std": 0.05323882025410706,
      "min": 0.827027027027027,
      "max": 0.9863945578231292
    },
    "sctm": {
      "mean": 0.7042189999999999,
      "std": 0.16757697774157404,
      "min": 0.33393,
      "max": 0.92495
    },
    "reward": {
      "mean": 0.8274847673832829,
      "std": 0.09088533077887548,
      "min": 0.6273480107033639,
      "max": 0.9436424659863946
    }
  }
}