{
  "total_experiments": 10,
  "successful_experiments": 10,
  "failed_experiments": 0,
  "modes": {
    "multi_expert": {
      "count": 10,
      "aar_improvement": {
        "mean": 0.48676279137705736,
        "std": 0.14029090160142604,
        "min": 0.12186379928315416,
        "max": 0.6090225563909775
      },
      "sctm_improvement": {
        "mean": 0.170986,
        "std": 0.17165575785274434,
        "min": -0.14122,
        "max": 0.54589
      },
      "reward_improvement": {
        "mean": 0.27390277216485115,
        "std": 0.08914644869786457,
        "min": 0.1455900197132617,
        "max": 0.49276588461538473
      }
    }
  },
  "baseline_metrics": {
    "aar": {
      "mean": 0.45399676709631376,
      "std": 0.1642142924940535,
      "min": 0.2980132450331126,
      "max": 0.8781362007168458
    },
    "sctm": {
      "mean": 0.518283,
      "std": 0.13697672291670582,
      "min": 0.325,
      "max": 0.78479
    },
    "reward": {
      "mean": 0.5546064951186389,
      "std": 0.10882167438164991,
      "min": 0.4346065952380953,
      "max": 0.8544099802867383
    }
  },
  "final_metrics": {
    "aar": {
      "mean": 0.9407595584733711,
      "std": 0.037765311589938254,
      "min": 0.8940397350993378,
      "max": 1.0
    },
    "sctm": {
      "mean": 0.6892689999999999,
      "std": 0.22695772546666043,
      "min": 0.19071,
      "max": 1.0
    },
    "reward": {
      "mean": 0.82850926728349,
      "std": 0.1138990333622418,
      "min": 0.5939147380952381,
      "max": 1.0
    }
  }
}