{
  "total_experiments": 10,
  "successful_experiments": 10,
  "failed_experiments": 0,
  "modes": {
    "multi_expert": {
      "count": 10,
      "aar_improvement": {
        "mean": 0.494710816646161,
        "std": 0.08403184947051562,
        "min": 0.3301587301587302,
        "max": 0.6085409252669038
      },
      "sctm_improvement": {
        "mean": 0.181591,
        "std": 0.21669963407675613,
        "min": -0.07510000000000006,
        "max": 0.61418
      },
      "reward_improvement": {
        "mean": 0.27083956985482194,
        "std": 0.0999214466463749,
        "min": 0.11045266929133857,
        "max": 0.41783421621621625
      }
    }
  },
  "baseline_metrics": {
    "aar": {
      "mean": 0.4210997008473621,
      "std": 0.11426675631745295,
      "min": 0.2846975088967972,
      "max": 0.6666666666666666
    },
    "sctm": {
      "mean": 0.417028,
      "std": 0.14416358588769912,
      "min": 0.23639,
      "max": 0.77246
    },
    "reward": {
      "mean": 0.49870408270585787,
      "std": 0.07723081934386171,
      "min": 0.3691607473309609,
      "max": 0.663232
    }
  },
  "final_metrics": {
    "aar": {
      "mean": 0.9158105174935232,
      "std": 0.03816437851804826,
      "min": 0.8623853211009175,
      "max": 0.9968253968253968
    },
    "sctm": {
      "mean": 0.598619,
      "std": 0.21990365760714392,
      "min": 0.20485,
      "max": 0.9934
    },
    "reward": {
      "mean": 0.7695436525606797,
      "std": 0.10479626907984446,
      "min": 0.606198248031496,
      "max": 0.9879030158730159
    }
  }
}