{
  "total_experiments": 3,
  "successful_experiments": 3,
  "failed_experiments": 0,
  "modes": {
    "multi_expert": {
      "count": 3,
      "aar_improvement": {
        "mean": 0.30727272727272725,
        "std": 0.22666828714377807,
        "min": 0.0,
        "max": 0.54
      },
      "sctm_improvement": {
        "mean": 0.3960700000000001,
        "std": 0.28010612857748524,
        "min": 0.0,
        "max": 0.6000700000000001
      },
      "reward_improvement": {
        "mean": 0.30159513636363633,
        "std": 0.2145055233379591,
        "min": 0.0,
        "max": 0.48066299999999995
      }
    }
  }
}