{
  "total_experiments": 10,
  "successful_experiments": 10,
  "failed_experiments": 0,
  "modes": {
    "multi_expert": {
      "count": 10,
      "aar_improvement": {
        "mean": 0.5135340996766973,
        "std": 0.07427693865831633,
        "min": 0.4347826086956522,
        "max": 0.6906474820143884
      },
      "sctm_improvement": {
        "mean": 0.205714,
        "std": 0.1629653403150498,
        "min": 0.02622000000000002,
        "max": 0.63048
      },
      "reward_improvement": {
        "mean": 0.2985397864094582,
        "std": 0.06582234961359555,
        "min": 0.24651108267716548,
        "max": 0.49040998907103833
      }
    }
  },
  "baseline_metrics": {
    "aar": {
      "mean": 0.42217193690646704,
      "std": 0.08824176557200297,
      "min": 0.2589928057553957,
      "max": 0.5574324324324325
    },
    "sctm": {
      "mean": 0.469607,
      "std": 0.1338670548753501,
      "min": 0.2244,
      "max": 0.65909
    },
    "reward": {
      "mean": 0.5217522268530355,
      "std": 0.07775548242715573,
      "min": 0.39453648535564856,
      "max": 0.6483296304347826
    }
  },
  "final_metrics": {
    "aar": {
      "mean": 0.9357060365831643,
      "std": 0.039701623179973965,
      "min": 0.8758620689655172,
      "max": 0.994535519125683
    },
    "sctm": {
      "mean": 0.675321,
      "std": 0.19298080523461394,
      "min": 0.35746,
      "max": 0.9996
    },
    "reward": {
      "mean": 0.8202920132624938,
      "std": 0.09325671222510974,
      "min": 0.6758569999999999,
      "max": 0.9855850273224045
    }
  }
}