{
  "total_experiments": 9,
  "successful_experiments": 9,
  "failed_experiments": 0,
  "modes": {
    "multi_expert": {
      "count": 9,
      "aar_improvement": {
        "mean": 0.5507388595882072,
        "std": 0.07072933279768079,
        "min": 0.4275862068965517,
        "max": 0.6711409395973154
      },
      "sctm_improvement": {
        "mean": 0.14359888888888886,
        "std": 0.09470375475889065,
        "min": 0.026569999999999983,
        "max": 0.32394000000000006
      },
      "reward_improvement": {
        "mean": 0.2878989562422419,
        "std": 0.05621824498051355,
        "min": 0.19774725862068965,
        "max": 0.37873673529411767
      }
    }
  },
  "baseline_metrics": {
    "aar": {
      "mean": 0.3575874861241022,
      "std": 0.07760952183901268,
      "min": 0.24496644295302014,
      "max": 0.5103448275862069
    },
    "sctm": {
      "mean": 0.4850455555555556,
      "std": 0.1274849234756026,
      "min": 0.31676,
      "max": 0.67581
    },
    "reward": {
      "mean": 0.501380615602264,
      "std": 0.07021232007603494,
      "min": 0.42631150000000007,
      "max": 0.6099586558441559
    }
  },
  "final_metrics": {
    "aar": {
      "mean": 0.9083263457123096,
      "std": 0.025247462862968802,
      "min": 0.8697674418604651,
      "max": 0.9491525423728814
    },
    "sctm": {
      "mean": 0.6286444444444443,
      "std": 0.15941159285259798,
      "min": 0.40485,
      "max": 0.88884
    },
    "reward": {
      "mean": 0.789279571844506,
      "std": 0.07680683888191889,
      "min": 0.6863870454545454,
      "max": 0.907835142857143
    }
  }
}