{
  "total_experiments": 10,
  "successful_experiments": 10,
  "failed_experiments": 0,
  "modes": {
    "multi_expert": {
      "count": 10,
      "aar_improvement": {
        "mean": 0.5200628787709407,
        "std": 0.030467422341401006,
        "min": 0.45806451612903226,
        "max": 0.5594713656387665
      },
      "sctm_improvement": {
        "mean": 0.09103900000000001,
        "std": 0.18291437627753596,
        "min": -0.18205,
        "max": 0.47820000000000007
      },
      "reward_improvement": {
        "mean": 0.2474238373012004,
        "std": 0.08042832553319973,
        "min": 0.1345378960396041,
        "max": 0.4037104081632653
      }
    }
  },
  "baseline_metrics": {
    "aar": {
      "mean": 0.42890469276511684,
      "std": 0.04434317657276529,
      "min": 0.3511450381679389,
      "max": 0.4897959183673469
    },
    "sctm": {
      "mean": 0.47616699999999995,
      "std": 0.15692606979402754,
      "min": 0.25725,
      "max": 0.68633
    },
    "reward": {
      "mean": 0.5314123534486236,
      "std": 0.07220857768097987,
      "min": 0.42498080916030534,
      "max": 0.6446549516129033
    }
  },
  "final_metrics": {
    "aar": {
      "mean": 0.9489675715360576,
      "std": 0.03196182106583167,
      "min": 0.9007633587786259,
      "max": 0.9897959183673469
    },
    "sctm": {
      "mean": 0.567206,
      "std": 0.16615524488862818,
      "min": 0.29866,
      "max": 0.83258
    },
    "reward": {
      "mean": 0.778836190749824,
      "std": 0.07378051881550643,
      "min": 0.6447023435114504,
      "max": 0.8850354493392072
    }
  }
}