{
  "total_experiments": 10,
  "successful_experiments": 10,
  "failed_experiments": 0,
  "modes": {
    "multi_expert": {
      "count": 10,
      "aar_improvement": {
        "mean": 0.4965366044133718,
        "std": 0.06836131786267466,
        "min": 0.3791946308724832,
        "max": 0.5958702064896755
      },
      "sctm_improvement": {
        "mean": 0.088538,
        "std": 0.11088624682980304,
        "min": -0.06251999999999999,
        "max": 0.33433
      },
      "reward_improvement": {
        "mean": 0.23465633684553994,
        "std": 0.06098850635294304,
        "min": 0.18321085714285712,
        "max": 0.3801782297297298
      }
    }
  },
  "baseline_metrics": {
    "aar": {
      "mean": 0.4074191034006144,
      "std": 0.0895244617923027,
      "min": 0.30158730158730157,
      "max": 0.6040268456375839
    },
    "sctm": {
      "mean": 0.43463700000000005,
      "std": 0.17514538355606177,
      "min": 0.19791,
      "max": 0.77937
    },
    "reward": {
      "mean": 0.506725316743848,
      "std": 0.09170976159105311,
      "min": 0.3926370862068965,
      "max": 0.6443062435897436
    }
  },
  "final_metrics": {
    "aar": {
      "mean": 0.9039557078139862,
      "std": 0.047642072316344916,
      "min": 0.8015873015873016,
      "max": 0.9832214765100671
    },
    "sctm": {
      "mean": 0.5231750000000001,
      "std": 0.24146582989110485,
      "min": 0.2387,
      "max": 0.92714
    },
    "reward": {
      "mean": 0.7413816535893878,
      "std": 0.11456359214537283,
      "min": 0.6001089655172414,
      "max": 0.9428886756756757
    }
  }
}