{
  "total_experiments": 10,
  "successful_experiments": 10,
  "failed_experiments": 0,
  "modes": {
    "multi_expert": {
      "count": 10,
      "aar_improvement": {
        "mean": 0.4615508637672944,
        "std": 0.1499271470074017,
        "min": 0.05517241379310345,
        "max": 0.6
      },
      "sctm_improvement": {
        "mean": 0.133036,
        "std": 0.13483756799942664,
        "min": -0.042679999999999996,
        "max": 0.35256
      },
      "reward_improvement": {
        "mean": 0.24267316872599318,
        "std": 0.10119932004613517,
        "min": 0.014409965517241385,
        "max": 0.3953186666666666
      }
    }
  },
  "baseline_metrics": {
    "aar": {
      "mean": 0.45837223813279737,
      "std": 0.1658379745065804,
      "min": 0.32460732984293195,
      "max": 0.9310344827586207
    },
    "sctm": {
      "mean": 0.5563,
      "std": 0.16480892754945045,
      "min": 0.27903,
      "max": 0.77979
    },
    "reward": {
      "mean": 0.5804575469037567,
      "std": 0.0782110589810326,
      "min": 0.43793143864229767,
      "max": 0.6871123965517242
    }
  },
  "final_metrics": {
    "aar": {
      "mean": 0.9199231019000915,
      "std": 0.06284894095594595,
      "min": 0.8104575163398693,
      "max": 1.0
    },
    "sctm": {
      "mean": 0.689336,
      "std": 0.24093850340698972,
      "min": 0.26201,
      "max": 1.0
    },
    "reward": {
      "mean": 0.82313071562975,
      "std": 0.11812606250267771,
      "min": 0.6468700172413793,
      "max": 0.9792307692307693
    }
  }
}