{
  "total_experiments": 10,
  "successful_experiments": 10,
  "failed_experiments": 0,
  "modes": {
    "multi_expert": {
      "count": 10,
      "aar_improvement": {
        "mean": 0.5218344011458318,
        "std": 0.07851123344662149,
        "min": 0.42051282051282046,
        "max": 0.6666666666666666
      },
      "sctm_improvement": {
        "mean": 0.150746,
        "std": 0.1570833096289991,
        "min": -0.09611000000000003,
        "max": 0.44823999999999997
      },
      "reward_improvement": {
        "mean": 0.2739361080420687,
        "std": 0.08432982233491973,
        "min": 0.12957101282051275,
        "max": 0.41282433333333335
      }
    }
  },
  "baseline_metrics": {
    "aar": {
      "mean": 0.40424048068247814,
      "std": 0.09628248523193324,
      "min": 0.21666666666666667,
      "max": 0.5621890547263682
    },
    "sctm": {
      "mean": 0.48508200000000007,
      "std": 0.11840919227830245,
      "min": 0.25459,
      "max": 0.65989
    },
    "reward": {
      "mean": 0.5222833953220675,
      "std": 0.07342081364782618,
      "min": 0.4120811666666667,
      "max": 0.6327297207792208
    }
  },
  "final_metrics": {
    "aar": {
      "mean": 0.9260748818283101,
      "std": 0.0498636763604377,
      "min": 0.8564102564102564,
      "max": 1.0
    },
    "sctm": {
      "mean": 0.635828,
      "std": 0.2028915508245723,
      "min": 0.26982,
      "max": 1.0
    },
    "reward": {
      "mean": 0.7962195033641362,
      "std": 0.10227734146918864,
      "min": 0.6325666025641026,
      "max": 0.9825373134328359
    }
  }
}