{
  "total_experiments": 10,
  "successful_experiments": 10,
  "failed_experiments": 0,
  "modes": {
    "multi_expert": {
      "count": 10,
      "aar_improvement": {
        "mean": 0.5320513374007004,
        "std": 0.08614268074524573,
        "min": 0.3382352941176471,
        "max": 0.639240506329114
      },
      "sctm_improvement": {
        "mean": 0.214526,
        "std": 0.16865325026218736,
        "min": -0.05857000000000001,
        "max": 0.46464000000000005
      },
      "reward_improvement": {
        "mean": 0.3081733219741837,
        "std": 0.09320790219964724,
        "min": 0.17849644117647068,
        "max": 0.45046226900584796
      }
    }
  },
  "baseline_metrics": {
    "aar": {
      "mean": 0.38870930262023273,
      "std": 0.10545987385226739,
      "min": 0.2974683544303797,
      "max": 0.625
    },
    "sctm": {
      "mean": 0.42875800000000003,
      "std": 0.15574511856234852,
      "min": 0.18533,
      "max": 0.7
    },
    "reward": {
      "mean": 0.4937820760643138,
      "std": 0.0980270377061489,
      "min": 0.35628342105263155,
      "max": 0.6600751879699248
    }
  },
  "final_metrics": {
    "aar": {
      "mean": 0.9207606400209333,
      "std": 0.040830212275788036,
      "min": 0.8470588235294118,
      "max": 0.9877300613496932
    },
    "sctm": {
      "mean": 0.643284,
      "std": 0.1967516280085123,
      "min": 0.24709,
      "max": 0.85231
    },
    "reward": {
      "mean": 0.8019553980384975,
      "std": 0.10123769988415615,
      "min": 0.6090165869565217,
      "max": 0.8943413496240602
    }
  }
}