{
  "total_experiments": 1,
  "successful_experiments": 1,
  "failed_experiments": 0,
  "modes": {
    "multi_expert": {
      "count": 1,
      "aar_improvement": {
        "mean": -0.015873015873015928,
        "std": 0.0,
        "min": -0.015873015873015928,
        "max": -0.015873015873015928
      },
      "sctm_improvement": {
        "mean": -0.37922999999999996,
        "std": 0.0,
        "min": -0.37922999999999996,
        "max": -0.37922999999999996
      },
      "reward_improvement": {
        "mean": -0.17878842063492062,
        "std": 0.0,
        "min": -0.17878842063492062,
        "max": -0.17878842063492062
      }
    }
  }
}