{
  "total_experiments": 10,
  "successful_experiments": 10,
  "failed_experiments": 0,
  "modes": {
    "multi_expert": {
      "count": 10,
      "aar_improvement": {
        "mean": 0.5247881772111738,
        "std": 0.07861722300885102,
        "min": 0.4522613065326633,
        "max": 0.7043478260869565
      },
      "sctm_improvement": {
        "mean": 0.11593300000000002,
        "std": 0.0827542562107835,
        "min": -0.060919999999999974,
        "max": 0.22343000000000002
      },
      "reward_improvement": {
        "mean": 0.2595036371219389,
        "std": 0.05427741926342803,
        "min": 0.13992268341708536,
        "max": 0.36002960869565226
      }
    }
  },
  "baseline_metrics": {
    "aar": {
      "mean": 0.41475815273217115,
      "std": 0.08043248275068056,
      "min": 0.2782608695652174,
      "max": 0.5175879396984925
    },
    "sctm": {
      "mean": 0.49231400000000003,
      "std": 0.15219445378856616,
      "min": 0.25661,
      "max": 0.66787
    },
    "reward": {
      "mean": 0.5279490947229575,
      "std": 0.06824688457269859,
      "min": 0.4390504451476793,
      "max": 0.639935794117647
    }
  },
  "final_metrics": {
    "aar": {
      "mean": 0.939546329943345,
      "std": 0.038738335850244124,
      "min": 0.84375,
      "max": 0.9826086956521739
    },
    "sctm": {
      "mean": 0.6082469999999999,
      "std": 0.20594862500390723,
      "min": 0.36238,
      "max": 0.87599
    },
    "reward": {
      "mean": 0.7874527318448964,
      "std": 0.09748210930792196,
      "min": 0.6695266962025316,
      "max": 0.9202824565217392
    }
  }
}