{
    "confidence_score": 0.6690928339958191,
    "ptm": 0.7783446907997131,
    "iptm": 0.7487248778343201,
    "ligand_iptm": 0.0,
    "protein_iptm": 0.0,
    "complex_plddt": 0.6491847634315491,
    "complex_iplddt": 0.7421379089355469,
    "complex_pde": 0.42712169885635376,
    "complex_ipde": 0.3763008117675781,
    "chains_ptm": {
        "0": 0.7911347150802612,
        "1": 0.8422524333000183,
        "2": 0.8500227928161621
    },
    "pair_chains_iptm": {
        "0": {
            "0": 0.7911347150802612,
            "1": 0.6292288899421692,
            "2": 0.647016704082489
        },
        "1": {
            "0": 0.7508333921432495,
            "1": 0.8422524333000183,
            "2": 0.83882075548172
        },
        "2": {
            "0": 0.755878210067749,
            "1": 0.8417418003082275,
            "2": 0.8500227928161621
        }
    }
}